Date,Actual_Close,Predicted_Close,Signal,Market_Return,Stop_Loss_Return,Protected_Return,Strategy_Return,Prediction_Change,Position_Size,Trade,Transaction_Cost,Net_Return,Portfolio_Value
2024-08-02,24814.001476001897,25110.24,1,,,,,0.011938361665876541,1.0,,,0.0,100000.0
2024-08-05,24345.283345295105,24949.012,1,-0.018889260209003278,-0.018889260209003278,-0.018889260209003278,-0.018889260209003278,0.024798588134796472,1.0,0.0,0.0,-0.018889260209003278,98111.07397909967
2024-08-06,24173.14558488854,24495.863,1,-0.007070682150833618,-0.007070682150833618,-0.007070682150833618,-0.007070682150833618,0.013350244964114279,1.0,0.0,0.0,-0.007070682150833618,97417.36175951654
2024-08-07,24245.496922854287,24248.379,1,0.002993046052350623,0.002993046052350623,0.002993046052350623,0.002993046052350623,0.00011887061563985885,0.2,0.0,0.0,0.0005986092104701247,97475.6766895255
2024-08-08,24163.47915263329,24236.637,1,-0.003382804257712979,-0.003382804257712979,-0.003382804257712979,-0.003382804257712979,0.0030276206048224594,0.2,0.0,0.0,-0.0006765608515425959,97409.72846269974
2024-08-09,24290.16916573681,24374.064,1,0.005243036911334764,0.005243036911334764,0.005243036911334764,0.005243036911334764,0.00345385961253529,0.2,0.0,0.0,0.001048607382266953,97511.87302307034
2024-08-12,24325.31683666219,24420.643,1,0.0014469916074095757,0.0014469916074095757,0.0014469916074095757,0.0014469916074095757,0.003918804592675963,0.2,0.0,0.0,0.00028939832148191515,97540.09279544778
2024-08-13,24210.1550854523,24395.643,1,-0.0047342343774253726,-0.0047342343774253726,-0.0047342343774253726,-0.0047342343774253726,0.007661574818211602,0.5,0.0,0.0,-0.0023671171887126863,97309.20396520305
2024-08-14,24169.11388173704,24376.787,1,-0.001695206146776096,-0.001695206146776096,-0.001695206146776096,-0.001695206146776096,0.008592500299313152,0.5,0.0,0.0,-0.000847603073388048,97226.72438485321
2024-08-16,24399.04558289426,24285.959,-1,0.009513451849426868,0.009513451849426868,0.009513451849426868,0.009513451849426868,-0.004634877315592434,0.2,2.0,0.002,-9.730963011462634e-05,97217.26328826605
2024-08-19,24506.33928828757,24319.033,-1,0.004397455016377005,0.004397455016377005,0.004397455016377005,-0.004397455016377005,-0.007643176978990545,0.5,0.0,0.0,-0.0021987275081885027,97003.50901720334
2024-08-20,24625.31721534164,24466.695,-1,0.004854985710204929,0.004854985710204929,0.004854985710204929,-0.004854985710204929,-0.006441428305452241,0.5,0.0,0.0,-0.0024274928551024644,96768.0336921442
2024-08-21,24714.85921840317,24623.883,-1,0.0036361766339294554,0.0036361766339294554,0.0036361766339294554,-0.0036361766339294554,-0.0036810332439775823,0.2,0.0,0.0,-0.0007272353267858911,96697.66055953968
2024-08-22,24774.58650618746,24701.877,-1,0.0024166549870459075,0.0024166549870459075,0.0024166549870459075,-0.0024166549870459075,-0.0029348423703984493,0.2,0.0,0.0,-0.00048333099740918153,96650.92358281431
2024-08-23,24804.600637399843,24766.34,-1,0.001211488684377704,0.001211488684377704,0.001211488684377704,-0.001211488684377704,-0.0015424814920081324,0.2,0.0,0.0,-0.0002422977368755408,96627.50528276326
2024-08-26,24931.91500373066,24869.375,-1,0.00513269164022967,0.00513269164022967,0.00513269164022967,-0.00513269164022967,-0.002508431611502876,0.2,0.0,0.0,-0.001026538328045934,96528.31344504704
2024-08-27,24984.963948849498,25140.357,1,0.002127752525664439,0.002127752525664439,0.002127752525664439,-0.002127752525664439,0.006219462692386947,0.5,2.0,0.002,-0.0030638762628322196,96232.56263679152
2024-08-28,25026.610577408635,25241.904,1,0.0016668676666653504,0.0016668676666653504,0.0016668676666653504,0.0016668676666653504,0.008602580118688034,0.5,0.0,0.0,0.0008334338333326752,96312.76611036134
2024-08-29,25104.07411786134,25154.23,1,0.00309524696574881,0.00309524696574881,0.00309524696574881,0.00309524696574881,0.001997918023313004,0.2,0.0,0.0,0.0006190493931497621,96372.38846977452
2024-08-30,25185.547235039496,25138.773,-1,0.0032454141425670713,0.0032454141425670713,0.0032454141425670713,0.0032454141425670713,-0.0018571855756391834,0.2,2.0,0.002,-0.0013509171714865859,96242.19735533354
2024-09-02,25243.11832709207,25257.018,1,0.0022858781473080736,0.0022858781473080736,0.0022858781473080736,-0.0022858781473080736,0.0005506321654806079,0.2,2.0,0.002,-0.0024571756294616146,96005.71337346618
2024-09-03,25265.81950799328,25364.2,1,0.0008993017664085112,0.0008993017664085112,0.0008993017664085112,0.0008993017664085112,0.003893817573405652,0.2,0.0,0.0,0.00017986035328170226,96022.98099499059
2024-09-04,25224.33688790621,25475.77,1,-0.0016418474007521278,-0.0016418474007521278,-0.0016418474007521278,-0.0016418474007521278,0.0099678779747958,0.5,0.0,0.0,-0.0008209237003760639,95944.15345411104
2024-09-05,25175.36555659788,25483.469,1,-0.0019414318610615489,-0.0019414318610615489,-0.0019414318610615489,-0.0019414318610615489,0.012238290749322348,1.0,0.0,0.0,-0.0019414318610615489,95757.88441771266
2024-09-06,24975.607598347204,25344.055,1,-0.007934659689512458,-0.007934659689512458,-0.007934659689512458,-0.007934659689512458,0.014752289817252698,1.0,0.0,0.0,-0.007934659689512458,94998.07819227045
2024-09-09,24951.376211370905,25060.188,1,-0.0009702021014256212,-0.0009702021014256212,-0.0009702021014256212,-0.0009702021014256212,0.004360953388194473,0.2,0.0,0.0,-0.00019404042028512425,94979.64472525174
2024-09-10,25006.828320923567,25054.145,1,0.0022224068557545884,0.0022224068557545884,0.0022224068557545884,0.0022224068557545884,0.001892150354663049,0.2,0.0,0.0,0.0004444813711509177,95021.86140797063
2024-09-11,24952.2070318851,25105.73,1,-0.00218425496978214,-0.00218425496978214,-0.00218425496978214,-0.00218425496978214,0.006152680919917047,0.5,0.0,0.0,-0.00109212748489107,94918.08542146147
2024-09-12,25222.09837024771,25130.023,-1,0.010816331317615724,0.010816331317615724,0.010816331317615724,0.010816331317615724,-0.0036505832661536935,0.2,2.0,0.002,0.00016326626352314473,94933.582342609
2024-09-13,25305.163145578004,25265.652,-1,0.0032933332552647077,0.0032933332552647077,0.0032933332552647077,-0.0032933332552647077,-0.0015613867158533043,0.2,0.0,0.0,-0.0006586666510529416,94871.05275785494
2024-09-16,25353.732492679737,25315.49,-1,0.0019193453455454978,0.0019193453455454978,0.0019193453455454978,-0.0019193453455454978,-0.0015083575047885871,0.2,0.0,0.0,-0.0003838690691090996,94834.63469514737
2024-09-17,25393.79239810876,25430.748,1,0.0015800397610328254,0.0015800397610328254,0.0015800397610328254,-0.0015800397610328254,0.0014553006227613773,0.2,2.0,0.002,-0.002316007952206565,94614.9969270488
2024-09-18,25383.754526857792,25442.355,1,-0.00039528838755542584,-0.00039528838755542584,-0.00039528838755542584,-0.00039528838755542584,0.0023085817773806387,0.2,0.0,0.0,-7.905767751108517e-05,94607.51688513404
2024-09-19,25403.56020128431,25449.85,1,0.000780249998303395,0.000780249998303395,0.000780249998303395,0.000780249998303395,0.0018221776140397057,0.2,0.0,0.0,0.000156049999660679,94622.28038811186
2024-09-20,25642.97978094653,25446.295,-1,0.009424646693817262,0.009424646693817262,0.009424646693817262,0.009424646693817262,-0.007670121905749619,0.5,2.0,0.002,0.002712323346908631,94878.92660834627
2024-09-23,25825.961722217253,25625.652,-1,0.007135751883510899,0.007135751883510899,0.007135751883510899,-0.007135751883510899,-0.00775613796581037,0.5,0.0,0.0,-0.0035678759417554495,94540.41036872077
2024-09-24,25896.68870892052,25818.355,-1,0.002738600307086392,0.002738600307086392,0.002738600307086392,-0.002738600307086392,-0.0030248542507110743,0.2,0.0,0.0,-0.0005477200614172784,94488.62868934721
2024-09-25,25963.103680702112,25957.293,-1,0.0025646125081124627,0.0025646125081124627,0.0025646125081124627,-0.0025646125081124627,-0.00022380531902391058,0.2,0.0,0.0,-0.0005129225016224925,94440.16334554499
2024-09-26,26119.43358619644,26054.666,-1,0.006021233340085086,0.006021233340085086,0.006021233340085086,-0.006021233340085086,-0.0024796703949455604,0.2,0.0,0.0,-0.0012042466680170173,94326.43409350913
2024-09-27,26156.21626997649,26273.33,1,0.001408249671979389,0.001408249671979389,0.001408249671979389,-0.001408249671979389,0.004477472154791082,0.2,2.0,0.002,-0.0022816499343958777,94111.21419134788
2024-09-30,25942.76793514372,26319.725,1,-0.008160520337866184,-0.008160520337866184,-0.008160520337866184,-0.008160520337866184,0.01453033330131402,1.0,0.0,0.0,-0.008160520337866184,93343.21771391811
2024-10-01,25852.616834775665,26112.436,1,-0.003474999298202497,-0.003474999298202497,-0.003474999298202497,-0.003474999298202497,0.010050014158521888,1.0,0.0,0.0,-0.003474999298202497,93018.8500978703
2024-10-03,25480.240710670776,25996.26,1,-0.014403807803471058,-0.014403807803471058,-0.014403807803471058,-0.014403807803471058,0.020251743112973047,1.0,0.0,0.0,-0.014403807803471058,91679.02445896067
2024-10-04,25218.07712591369,25684.193,1,-0.010288897492530258,-0.010288897492530258,-0.010288897492530258,-0.010288897492530258,0.01848340267019554,1.0,0.0,0.0,-0.010288897492530258,90735.74837408726
2024-10-07,24971.67180173053,25438.014,1,-0.009770979878951924,-0.009770979878951924,-0.009770979878951924,-0.009770979878951924,0.01867484892369735,1.0,0.0,0.0,-0.009770979878951924,89849.17120242241
2024-10-08,24997.367108675327,25136.62,1,0.0010289782417778337,0.0010289782417778337,0.0010289782417778337,0.0010289782417778337,0.0055707023351408815,0.5,0.0,0.0,0.0005144891208889169,89895.39762352695
2024-10-09,24987.76489026193,25159.414,1,-0.00038412919135255574,-0.00038412919135255574,-0.00038412919135255574,-0.00038412919135255574,0.006869326267951451,0.5,0.0,0.0,-0.00019206459567627787,89878.13190032923
2024-10-10,24994.375579904685,25079.605,1,0.0002645570610972925,0.0002645570610972925,0.0002645570610972925,0.0002645570610972925,0.0034099439621063632,0.2,0.0,0.0,5.29114122194585e-05,89882.88747921571
2024-10-11,24975.753899500563,25074.934,1,-0.0007450348317200595,-0.0007450348317200595,-0.0007450348317200595,-0.0007450348317200595,0.0039710553242367184,0.2,0.0,0.0,-0.0001490069663440119,89869.49430282619
2024-10-14,25069.81802632993,24902.783,-1,0.003766217716905329,0.003766217716905329,0.003766217716905329,0.003766217716905329,-0.006662793728877441,0.5,2.0,0.002,-0.00011689114154733553,89858.98935504684
2024-10-15,25062.11209401345,24919.715,-1,-0.00030737886921983204,-0.00030737886921983204,-0.00030737886921983204,0.00030737886921983204,-0.005681767501449477,0.5,0.0,0.0,0.00015368943460991602,89872.79973231544
2024-10-16,25005.98758762873,24944.074,-1,-0.002239416461557009,-0.002239416461557009,-0.002239416461557009,0.002239416461557009,-0.002475950506324325,0.2,0.0,0.0,0.0004478832923114018,89913.05225774879
2024-10-17,24847.68559951617,24927.771,1,-0.006330563332394679,-0.006330563332394679,-0.006330563332394679,0.006330563332394679,0.0032230527130216384,0.2,2.0,0.002,-0.0007338873335210642,89847.06620757861
2024-10-18,24851.619498214823,24708.947,-1,0.0001583205277970734,0.0001583205277970734,0.0001583205277970734,0.0001583205277970734,-0.0057409738719471064,0.5,2.0,0.002,-0.0019208397361014633,89674.48439263496
2024-10-21,24808.03580996013,24674.865,-1,-0.0017537564607338352,-0.0017537564607338352,-0.0017537564607338352,0.0017537564607338352,-0.005368051343535262,0.5,0.0,0.0,0.0008768782303669176,89753.11799581825
2024-10-22,24600.4158198992,24679.69,1,-0.008369062010849415,-0.008369062010849415,-0.008369062010849415,0.008369062010849415,0.0032224731761108356,0.2,2.0,0.002,-0.0003261875978301169,89723.84164186142
2024-10-23,24498.492237915507,24665.168,1,-0.00414316500704226,-0.00414316500704226,-0.00414316500704226,-0.00414316500704226,0.006803511026957654,0.5,0.0,0.0,-0.00207158250352113,89537.97130136745
2024-10-24,24437.25010828166,24498.33,1,-0.0024998326035373664,-0.0024998326035373664,-0.0024998326035373664,-0.0024998326035373664,0.0024994584680230574,0.2,0.0,0.0,-0.0004999665207074733,89493.2053133847
2024-10-25,24278.755707783945,24412.598,1,-0.0064857706900500744,-0.0064857706900500744,-0.0064857706900500744,-0.0064857706900500744,0.005512732770450271,0.5,0.0,0.0,-0.0032428853450250372,89202.9891093946
2024-10-28,24316.08167451949,24377.883,1,0.0015373920799235385,0.0015373920799235385,0.0015373920799235385,0.0015373920799235385,0.0025415824106756763,0.2,0.0,0.0,0.00030747841598470775,89230.41710318705
2024-10-29,24409.261382673827,24292.506,-1,0.003832019870700698,0.003832019870700698,0.003832019870700698,0.003832019870700698,-0.004783241116697659,0.2,2.0,0.002,-0.0012335960258598603,89120.34281526276
2024-10-30,24366.980581544496,24367.129,1,-0.0017321622504866685,-0.0017321622504866685,-0.0017321622504866685,0.0017321622504866685,6.090966215860854e-06,0.2,2.0,0.002,-0.0016535675499026663,88972.97630834724
2024-10-31,24267.08714710906,24358.168,1,-0.004099540938243829,-0.004099540938243829,-0.004099540938243829,-0.004099540938243829,0.0037532668152053267,0.2,0.0,0.0,-0.0008199081876487657,88900.02663659255
2024-11-01,24290.11661529392,24292.49,1,0.0009490001022887107,0.0009490001022887107,0.0009490001022887107,0.0009490001022887107,9.770989343824923e-05,0.2,0.0,0.0,0.00018980002045774214,88916.89986346685
2024-11-04,24107.94058687399,24140.484,1,-0.007500006332008535,-0.007500006332008535,-0.007500006332008535,-0.007500006332008535,0.0013499043192320868,0.2,0.0,0.0,-0.001500001266401707,88783.52440106714
2024-11-05,24173.056768059658,24131.156,-1,0.0027010262843074617,0.0027010262843074617,0.0027010262843074617,0.0027010262843074617,-0.001733366551929959,0.2,2.0,0.002,-0.0014597947431385077,88653.91867886916
2024-11-06,24365.261638509022,24200.74,-1,0.007951202543127645,0.007951202543127645,0.007951202543127645,-0.007951202543127645,-0.006752303379701702,0.5,0.0,0.0,-0.003975601271563822,88301.46604704033
2024-11-07,24262.722365361733,24408.21,1,-0.004208420770053456,-0.004208420770053456,-0.004208420770053456,0.004208420770053456,0.0059963442043902354,0.5,2.0,0.002,0.00010421038502672793,88310.66797681553
2024-11-08,24191.943168257098,24378.404,1,-0.0029171993166637877,-0.0029171993166637877,-0.0029171993166637877,-0.0029171993166637877,0.0077075591012284355,0.5,0.0,0.0,-0.0014585996583318939,88181.8580666775
2024-11-11,24160.64445181528,24276.62,1,-0.0012937661197421901,-0.0012937661197421901,-0.0012937661197421901,-0.0012937661197421901,0.004800184383161471,0.2,0.0,0.0,-0.00025875322394843805,88159.04072660898
2024-11-12,23989.32837626149,24230.898,1,-0.007090708027074899,-0.007090708027074899,-0.007090708027074899,-0.007090708027074899,0.010069878570571266,1.0,0.0,0.0,-0.007090708027074899,87533.93070886958
2024-11-13,23723.402197946827,24206.117,1,-0.011085186468905328,-0.011085186468905328,-0.011085186468905328,-0.011085186468905328,0.02034762122335676,1.0,0.0,0.0,-0.011085186468905328,86563.60076460552
2024-11-14,23605.54127504732,23961.53,1,-0.004968129019441769,-0.004968129019441769,-0.004968129019441769,-0.004968129019441769,0.01508072705492183,1.0,0.0,0.0,-0.004968129019441769,86133.54162761952
2024-11-18,23511.760492410885,23746.768,1,-0.003972829156667856,-0.003972829156667856,-0.003972829156667856,-0.003972829156667856,0.009995317350437035,0.5,0.0,0.0,-0.001986414578333928,85962.44470484687
2024-11-19,23515.925737168396,23637.018,1,0.0001771558007686025,0.0001771558007686025,0.0001771558007686025,0.0001771558007686025,0.005149372565002192,0.5,0.0,0.0,8.857790038430124e-05,85970.05907771074
2024-11-21,23413.3164300106,23574.213,1,-0.004363396461812052,-0.004363396461812052,-0.004363396461812052,-0.004363396461812052,0.006872011082683124,0.5,0.0,0.0,-0.002181698230906026,85782.49835191
2024-11-22,23718.58416444862,23500.75,-1,0.013038209915735566,0.013038209915735566,0.013038209915735566,0.013038209915735566,-0.009184113307029885,0.5,2.0,0.002,0.004519104957867783,86170.15846551041
2024-11-25,24028.708588971876,23825.674,-1,0.013075165969986369,0.013075165969986369,0.013075165969986369,-0.013075165969986369,-0.008449667122978942,0.5,0.0,0.0,-0.006537582984993184,85606.81390371213
2024-11-26,24129.83465563888,24041.527,-1,0.004208551878373212,0.004208551878373212,0.004208551878373212,-0.004208551878373212,-0.003659687556882782,0.2,0.0,0.0,-0.0008417103756746425,85534.75776022093
2024-11-27,24219.79009020404,24168.992,-1,0.003727975589096655,0.003727975589096655,0.003727975589096655,-0.003727975589096655,-0.00209737945766036,0.2,0.0,0.0,-0.000745595117819331,85470.98346243105
2024-11-28,24030.80225926629,24250.834,1,-0.007803033396816539,-0.007803033396816539,-0.007803033396816539,0.007803033396816539,0.009156237830090145,0.5,2.0,0.002,0.0019015166984082694,85633.50796471424
2024-11-29,24092.793839998278,24181.512,1,0.0025796717089661136,0.0025796717089661136,0.0025796717089661136,0.0025796717089661136,0.0036823525154825905,0.2,0.0,0.0,0.0005159343417932227,85677.68923228147
2024-12-02,24206.05403378048,24192.705,-1,0.004700998752339425,0.004700998752339425,0.004700998752339425,0.004700998752339425,-0.0005514750054614671,0.2,2.0,0.002,-0.001059800249532115,85586.88799585376
2024-12-03,24361.240351735403,24305.357,-1,0.006411053934621158,0.006411053934621158,0.006411053934621158,-0.006411053934621158,-0.0022939452560108396,0.2,0.0,0.0,-0.0012822107869242317,85477.1475648462
2024-12-04,24426.881055957743,24475.22,1,0.002694472993763908,0.002694472993763908,0.002694472993763908,-0.002694472993763908,0.001978924117717764,0.2,2.0,0.002,-0.0025388945987527816,85260.130096577
2024-12-05,24600.86957888008,24551.246,-1,0.007122830070845243,0.007122830070845243,0.007122830070845243,0.007122830070845243,-0.00201714735005475,0.2,2.0,0.002,-0.0005754339858309514,85211.06852008306
2024-12-06,24648.415676963665,24774.686,1,0.0019326998962834185,0.0019326998962834185,0.0019326998962834185,-0.0019326998962834185,0.005122857577996327,0.5,2.0,0.002,-0.0029663499481417093,84958.30267139743
2024-12-09,24630.23578878556,24827.988,1,-0.0007375682241148596,-0.0007375682241148596,-0.0007375682241148596,-0.0007375682241148596,0.008028839549497072,0.5,0.0,0.0,-0.0003687841120574298,84926.97139918484
2024-12-10,24617.760768064163,24845.291,1,-0.0005064921354540619,-0.0005064921354540619,-0.0005064921354540619,-0.0005064921354540619,0.009242523480486726,0.5,0.0,0.0,-0.00025324606772703095,84905.46397763403
2024-12-11,24632.61831330322,24836.281,1,0.0006035295159068088,0.0006035295159068088,0.0006035295159068088,0.0006035295159068088,0.008268008057705622,0.5,0.0,0.0,0.0003017647579534044,84931.08545442016
2024-12-12,24580.753460564105,24884.79,1,-0.0021055355171523127,-0.0021055355171523127,-0.0021055355171523127,-0.0021055355171523127,0.01236888608494748,1.0,0.0,0.0,-0.0021055355171523127,84752.26003748557
2024-12-13,24696.664079247003,24806.234,1,0.004715503081256456,0.004715503081256456,0.004715503081256456,0.004715503081256456,0.0044366283803111365,0.2,0.0,0.0,0.0009431006162512912,84832.18994615562
2024-12-16,24679.10321251332,24803.57,1,-0.0007110622988324433,-0.0007110622988324433,-0.0007110622988324433,-0.0007110622988324433,0.005043408036948819,0.5,0.0,0.0,-0.00035553114941622166,84802.02946015655
2024-12-17,24467.053765530807,24801.1,1,-0.00859226711588923,-0.00859226711588923,-0.00859226711588923,-0.00859226711588923,0.013652899841165014,1.0,0.0,0.0,-0.00859226711588923,84073.38777106539
2024-12-18,24301.294481102534,24606.709,1,-0.00677479544602122,-0.00677479544602122,-0.00677479544602122,-0.00677479544602122,0.012567829221400754,1.0,0.0,0.0,-0.00677479544602122,83503.8077664624
2024-12-19,24085.232726662736,24536.69,1,-0.008890956595246968,-0.008890956595246968,-0.008890956595246968,-0.008890956595246968,0.018744152421557966,1.0,0.0,0.0,-0.008890956595246968,82761.37903607293
2024-12-20,23777.616984272,24299.18,1,-0.012771964708906403,-0.012771964708906403,-0.012771964708906403,-0.012771964708906403,0.021935041517112234,1.0,0.0,0.0,-0.012771964708906403,81704.35362376377
2024-12-23,23762.770070026967,23975.518,1,-0.0006244071579946109,-0.0006244071579946109,-0.0006244071579946109,-0.0006244071579946109,0.00895299366808171,0.5,0.0,0.0,-0.00031220357899730544,81678.84523214278
2024-12-24,23741.034252600268,23699.56,-1,-0.0009147004899953126,-0.0009147004899953126,-0.0009147004899953126,-0.0009147004899953126,-0.0017469438002990102,0.2,2.0,0.002,-0.0021829400979990624,81500.54520572728
2024-12-26,23746.699680221245,23734.316,-1,0.00023863440660165658,0.00023863440660165658,0.00023863440660165658,-0.00023863440660165658,-0.0005214905813442681,0.2,0.0,0.0,-4.772688132033132e-05,81496.6554388787
2024-12-27,23787.92422543971,23648.953,-1,0.0017360115626003925,0.0017360115626003925,0.0017360115626003925,-0.0017360115626003925,-0.00584209131165333,0.5,0.0,0.0,-0.0008680057813001962,81425.91587080114
2024-12-30,23699.53024667625,23696.262,-1,-0.003715918124076012,-0.003715918124076012,-0.003715918124076012,0.003715918124076012,-0.00013790343699791088,0.2,0.0,0.0,0.0007431836248152024,81486.4302781119
2024-12-31,23665.7055552147,23736.168,1,-0.0014272304602449548,-0.0014272304602449548,-0.0014272304602449548,0.0014272304602449548,0.00297740731291131,0.2,2.0,0.002,-0.001714553907951009,81346.71740063358
2025-01-01,23713.41459170785,23708.115,-1,0.00201595665009191,0.00201595665009191,0.00201595665009191,0.00201595665009191,-0.0002234849682804027,0.2,2.0,0.002,-0.001596808669981618,81216.82225701371
2025-01-02,24007.126472109583,23708.562,-1,0.012385895724373652,0.012385895724373652,0.012385895724373652,-0.012385895724373652,-0.01243649349106568,1.0,0.0,0.0,-0.012385895724373652,80210.87916547335
2025-01-03,24005.657731569627,24050.756,1,-6.11793561242635e-05,-6.11793561242635e-05,-6.11793561242635e-05,6.11793561242635e-05,0.0018786516468184962,0.2,2.0,0.002,-0.001987764128775147,80051.4388571307
2025-01-06,23764.867393949105,23974.494,1,-0.010030566140408648,-0.010030566140408648,-0.010030566140408648,-0.010030566140408648,0.008820861592699963,0.5,0.0,0.0,-0.005015283070204324,79649.95823108504
2025-01-07,23729.659849656087,23933.654,1,-0.0014814955080280079,-0.0014814955080280079,-0.0014814955080280079,-0.0014814955080280079,0.008596589737752512,0.5,0.0,0.0,-0.0007407477540140039,79590.95770341805
2025-01-08,23704.49929605252,23802.611,1,-0.0010602998004597408,-0.0010602998004597408,-0.0010602998004597408,-0.0010602998004597408,0.004138948590397755,0.2,0.0,0.0,-0.00021205996009194817,79574.07964810378
2025-01-09,23594.48968111841,23817.84,1,-0.0046408748634664265,-0.0046408748634664265,-0.0046408748634664265,-0.0046408748634664265,0.009466206809309612,0.5,0.0,0.0,-0.0023204374317332133,79389.4329750926
2025-01-10,23493.756518371712,23822.715,1,-0.004269351196322435,-0.004269351196322435,-0.004269351196322435,-0.004269351196322435,0.014001953300701309,1.0,0.0,0.0,-0.004269351196322435,79050.49160444502
2025-01-13,23241.717746345177,23741.643,1,-0.010727904319151604,-0.010727904319151604,-0.010727904319151604,-0.010727904319151604,0.021509823805232187,1.0,0.0,0.0,-0.010727904319151604,78202.44549413065
2025-01-14,23201.133329978304,23504.377,1,-0.0017461883329710215,-0.0017461883329710215,-0.0017461883329710215,-0.0017461883329710215,0.013070209360414047,1.0,0.0,0.0,-0.0017461883329710215,78065.88929619899
2025-01-15,23208.590459343686,23321.99,1,0.00032141228875870453,0.00032141228875870453,0.00032141228875870453,0.00032141228875870453,0.0048861020170512404,0.2,0.0,0.0,6.428245775174091e-05,78070.90756342953
2025-01-16,23272.37794627161,23245.863,-1,0.002748442954330299,0.002748442954330299,0.002748442954330299,0.002748442954330299,-0.0011393311991074405,0.2,2.0,0.002,-0.0014503114091339402,77957.68043546884
2025-01-17,23229.623141364787,23379.016,1,-0.0018371480991554723,-0.0018371480991554723,-0.0018371480991554723,0.0018371480991554723,0.006431135697986835,0.5,2.0,0.002,-0.001081425950422264,77873.37497681119
2025-01-20,23300.775453019352,23352.695,1,0.003062998965655428,0.003062998965655428,0.003062998965655428,0.003062998965655428,0.0022282325790114192,0.2,0.0,0.0,0.0006125997931310857,77921.0801902124
2025-01-21,23130.12077931396,23431.004,1,-0.007323991171430344,-0.007323991171430344,-0.007323991171430344,-0.007323991171430344,0.013008285756775314,1.0,0.0,0.0,-0.007323991171430344,77350.38688683097
2025-01-22,23145.71305378808,23282.734,1,0.0006741112432091523,0.0006741112432091523,0.0006741112432091523,0.0006741112432091523,0.005919927629513878,0.5,0.0,0.0,0.00033705562160457614,77376.45826956448
2025-01-23,23182.57047211277,22964.045,-1,0.001592407986698685,0.001592407986698685,0.001592407986698685,0.001592407986698685,-0.009426283093828796,0.5,2.0,0.002,-0.0012037960066506575,77283.3127980908
2025-01-24,23126.71796592865,23069.297,-1,-0.002409245611969868,-0.002409245611969868,-0.002409245611969868,0.002409245611969868,-0.002482884342397613,0.2,0.0,0.0,0.0004818491223939736,77320.55169453826
2025-01-27,22942.811090441097,23246.984,1,-0.007952138983079782,-0.007952138983079782,-0.007952138983079782,0.007952138983079782,0.01325787447579317,1.0,2.0,0.002,0.005952138983079782,77780.77436447256
2025-01-28,22951.73482730899,23171.623,1,0.00038895568780628054,0.00038895568780628054,0.00038895568780628054,0.00038895568780628054,0.009580459792929404,0.5,0.0,0.0,0.00019447784390314027,77795.90100176807
2025-01-29,23082.365446650496,23032.637,-1,0.005691535752063492,0.005691535752063492,0.005691535752063492,0.005691535752063492,-0.0021543912717885334,0.2,2.0,0.002,-0.0008616928495873016,77728.86483014765
2025-01-30,23185.66028131502,23159.62,-1,0.004475054123168842,0.004475054123168842,0.004475054123168842,-0.004475054123168842,-0.0011231201095448962,0.2,0.0,0.0,-0.0008950108246337685,77659.29665473818
2025-01-31,23385.124638401445,23346.908,-1,0.008602918988128705,0.008602918988128705,0.008602918988128705,-0.008602918988128705,-0.0016342285530815022,0.2,0.0,0.0,-0.001720583797625741,77525.67732717902
2025-02-01,23445.089851059627,23576.65,1,0.0025642460147383694,0.0025642460147383694,0.0025642460147383694,-0.0025642460147383694,0.005611415856204464,0.5,2.0,0.002,-0.0032821230073691848,77271.22851796162
2025-02-03,23393.15084953435,23575.59,1,-0.002215346661293749,-0.002215346661293749,-0.002215346661293749,-0.002215346661293749,0.007798827598689222,0.5,0.0,0.0,-0.0011076733306468745,77185.63723890594
2025-02-04,23607.051887999583,23505.45,-1,0.009143746382907159,0.009143746382907159,0.009143746382907159,0.009143746382907159,-0.004303878708854409,0.2,2.0,0.002,-0.00017125072341856828,77172.41914269126
2025-02-05,23662.21073748665,23595.69,-1,0.002336541205939735,0.002336541205939735,0.002336541205939735,-0.002336541205939735,-0.002811264688014398,0.2,0.0,0.0,-0.00046730824118794705,77136.35583523347
2025-02-06,23625.832559697486,23759.654,1,-0.0015373955626019065,-0.0015373955626019065,-0.0015373955626019065,0.0015373955626019065,0.005664199979593256,0.5,2.0,0.002,-0.0012313022186990468,77041.37766915119
2025-02-07,23585.114415699543,23772.09,1,-0.001723458586911475,-0.001723458586911475,-0.001723458586911475,-0.001723458586911475,0.007927694604525456,0.5,0.0,0.0,-0.0008617292934557375,76974.98885720549
2025-02-10,23459.335348177126,23803.785,1,-0.005332985259494549,-0.005332985259494549,-0.005332985259494549,-0.005332985259494549,0.014682839334987314,1.0,0.0,0.0,-0.005332985259494549,76564.48237628027
2025-02-11,23219.82581400069,23670.174,1,-0.010209561806491907,-0.010209561806491907,-0.010209561806491907,-0.010209561806491907,0.019394985544110534,1.0,0.0,0.0,-0.010209561806491907,75782.79256127757
2025-02-12,23111.932027334587,23403.617,1,-0.004646623429924612,-0.004646623429924612,-0.004646623429924612,-0.004646623429924612,0.012620536107515103,1.0,0.0,0.0,-0.004646623429924612,75430.65846177722
2025-02-13,23062.1607386784,23243.62,1,-0.002153488881730947,-0.002153488881730947,-0.002153488881730947,-0.002153488881730947,0.007868267998725084,0.5,0.0,0.0,-0.0010767444408654736,75349.43891960768
2025-02-14,22980.017384705294,23301.361,1,-0.003561823842262224,-0.003561823842262224,-0.003561823842262224,-0.003561823842262224,0.013983610626360195,1.0,0.0,0.0,-0.003561823842262224,75081.05749156274
2025-02-17,22967.336943597165,23231.0,1,-0.0005518029379981693,-0.0005518029379981693,-0.0005518029379981693,-0.0005518029379981693,0.011479914151576839,1.0,0.0,0.0,-0.0005518029379981693,75039.62754345089
2025-02-18,22953.71784628501,23069.744,1,-0.0005929767715604495,-0.0005929767715604495,-0.0005929767715604495,-0.0005929767715604495,0.005054786962704063,0.5,0.0,0.0,-0.00029648838578022474,75017.379165411
2025-02-19,22940.851951127832,22978.58,1,-0.00056051465141016,-0.00056051465141016,-0.00056051465141016,-0.00056051465141016,0.0016445792402367638,0.2,0.0,0.0,-0.00011210293028203201,75008.96949738447
2025-02-20,22923.73144519567,22898.045,-1,-0.0007462890205052197,-0.0007462890205052197,-0.0007462890205052197,-0.0007462890205052197,-0.0011205176285144028,0.2,2.0,0.002,-0.002149257804101044,74847.75588431464
2025-02-21,22844.727508653254,22889.312,1,-0.0034463820487207197,-0.0034463820487207197,-0.0034463820487207197,0.0034463820487207197,0.00195163156705897,0.2,2.0,0.002,-0.001310723590255856,74749.65116499935
2025-02-24,22664.64606332875,22939.562,1,-0.007882844969645308,-0.007882844969645308,-0.007882844969645308,-0.007882844969645308,0.012129725560376793,1.0,0.0,0.0,-0.007882844969645308,74160.41125333059
2025-02-25,22592.27719908183,22603.533,1,-0.0031930286510855055,-0.0031930286510855055,-0.0031930286510855055,-0.0031930286510855055,0.0004982145367191106,0.2,0.0,0.0,-0.0006386057302171012,74113.05198974896
2025-02-27,22563.08966769485,22457.068,-1,-0.0012919251622923733,-0.0012919251622923733,-0.0012919251622923733,-0.0012919251622923733,-0.0046988984778378925,0.2,2.0,0.002,-0.0022583850324584746,73945.6761824255
2025-02-28,22292.149469903605,22494.627,1,-0.012008115988617063,-0.012008115988617063,-0.012008115988617063,0.012008115988617063,0.009082907432042766,0.5,2.0,0.002,0.0040040579943085314,74241.75895828828
2025-03-03,22185.32310540483,22542.713,1,-0.004792106954199293,-0.004792106954199293,-0.004792106954199293,-0.004792106954199293,0.01610929409939951,1.0,0.0,0.0,-0.004792106954199293,73885.98450889229
2025-03-04,22121.86787795367,22365.361,1,-0.00286023454108264,-0.00286023454108264,-0.00286023454108264,-0.00286023454108264,0.011006897039150622,1.0,0.0,0.0,-0.00286023454108264,73674.65326389806
2025-03-05,22255.012734485877,22188.693,-1,0.006018698659026711,0.006018698659026711,0.006018698659026711,0.006018698659026711,-0.0029799908576601504,0.2,2.0,0.002,-0.0007962602681946577,73615.98906473101
2025-03-06,22434.04882784257,22416.451,-1,0.008044753579460329,0.008044753579460329,0.008044753579460329,-0.008044753579460329,-0.0007844249594717747,0.2,0.0,0.0,-0.0016089507158920657,73497.5445664242
2025-03-07,22507.255678243124,22636.895,1,0.003263202775492635,0.003263202775492635,0.003263202775492635,-0.003263202775492635,0.0057598902154114605,0.5,2.0,0.002,-0.0036316013877463176,73230.63078158082
2025-03-10,22478.23595596313,22685.281,1,-0.0012893496521677594,-0.0012893496521677594,-0.0012893496521677594,-0.0012893496521677594,0.009210911587657022,0.5,0.0,0.0,-0.0006446748260838797,73183.4208374177
2025-03-11,22490.38924495372,22607.957,1,0.000540669161690488,0.000540669161690488,0.000540669161690488,0.000540669161690488,0.005227466442034035,0.5,0.0,0.0,0.000270334580845244,73203.20484681461
2025-03-12,22478.097015561747,22591.424,1,-0.0005465547642635737,-0.0005465547642635737,-0.0005465547642635737,-0.0005465547642635737,0.005041662751068075,0.5,0.0,0.0,-0.00027327738213178687,73183.20006663042
2025-03-13,22428.099427517103,22568.932,1,-0.002224280285383129,-0.002224280285383129,-0.002224280285383129,-0.002224280285383129,0.006279291428060527,0.5,0.0,0.0,-0.0011121401426915645,73101.81009206569
2025-03-17,22477.944222523674,22558.379,1,0.0022224261653405186,0.0022224261653405186,0.0022224261653405186,0.0022224261653405186,0.0035783867367963304,0.2,0.0,0.0,0.00044448523306810377,73134.30276716217
2025-03-18,22698.18468793049,22606.158,-1,0.009798069753466532,0.009798069753466532,0.009798069753466532,0.009798069753466532,-0.004054363342079292,0.2,2.0,0.002,-4.0386049306693605e-05,73131.3491616046
2025-03-19,22827.610227134588,22849.543,1,0.005702021592630668,0.005702021592630668,0.005702021592630668,-0.005702021592630668,0.0009608002172449268,0.2,2.0,0.002,-0.0031404043185261337,72901.68715687784
2025-03-20,23051.98138745298,22964.043,-1,0.00982893776816307,0.00982893776816307,0.00982893776816307,0.00982893776816307,-0.003814786502510445,0.2,2.0,0.002,-3.4212446367385806e-05,72899.19301181589
2025-03-21,23236.41447430215,23100.291,-1,0.008000747690589227,0.008000747690589227,0.008000747690589227,-0.008000747690589227,-0.005858196171044019,0.5,0.0,0.0,-0.004000373845294614,72607.56898674835
2025-03-24,23497.184728824952,23308.04,-1,0.011222482488044694,0.011222482488044694,0.011222482488044694,-0.011222482488044694,-0.008049676206227357,0.5,0.0,0.0,-0.005611241244022347,72200.15040102172
2025-03-25,23603.15633572088,23553.021,-1,0.004509970369596106,0.004509970369596106,0.004509970369596106,-0.004509970369596106,-0.0021240945493804387,0.2,0.0,0.0,-0.0009019940739192212,72135.02629322391
2025-03-26,23531.27482571889,23681.586,1,-0.003045419391355053,-0.003045419391355053,-0.003045419391355053,0.003045419391355053,0.006387719126752274,0.5,2.0,0.002,-0.0004772903043224735,72100.59694457211
2025-03-27,23568.773662858886,23670.559,1,0.0015935743990806994,0.0015935743990806994,0.0015935743990806994,0.0015935743990806994,0.004318652238640412,0.2,0.0,0.0,0.0003187148798161399,72123.57647766196
2025-03-28,23538.22791794405,23740.504,1,-0.0012960260619317987,-0.0012960260619317987,-0.0012960260619317987,-0.0012960260619317987,0.00859351361373088,0.5,0.0,0.0,-0.0006480130309658994,72076.83946026457
2025-04-01,23307.99252005734,23761.236,1,-0.009781339474208672,-0.009781339474208672,-0.009781339474208672,-0.009781339474208672,0.01944583942836893,1.0,0.0,0.0,-0.009781339474208672,71371.83142527568
2025-04-02,23323.04602912267,23578.928,1,0.0006458518060863394,0.0006458518060863394,0.0006458518060863394,0.0006458518060863394,0.010971207215293363,1.0,0.0,0.0,0.0006458518060863394,71417.9270515054
2025-04-03,23277.96266236099,23511.13,1,-0.0019329965179241126,-0.0019329965179241126,-0.0019329965179241126,-0.0019329965179241126,0.010016655710855096,1.0,0.0,0.0,-0.0019329965179241126,71279.87644719747
2025-04-04,23047.118658954383,23496.332,1,-0.009916847395750272,-0.009916847395750272,-0.009916847395750272,-0.009916847395750272,0.019491084664116344,1.0,0.0,0.0,-0.009916847395750272,70573.00479008268
2025-04-07,22499.83778862882,23361.514,1,-0.023746173151797834,-0.02,-0.02,-0.02,0.038296996603533716,1.0,0.0,0.0,-0.02,69161.54469428102
2025-04-08,22515.37334791257,22871.555,1,0.0006904742794011653,0.0006904742794011653,0.0006904742794011653,0.0006904742794011653,0.015819486827228335,1.0,0.0,0.0,0.0006904742794011653,69209.29896201608
2025-04-09,22440.79879514735,22575.186,1,-0.0033121615001836524,-0.0033121615001836524,-0.0033121615001836524,-0.0033121615001836524,0.005988521446113149,0.5,0.0,0.0,-0.0016560807500918262,69094.68277427774
2025-04-11,22684.299665718077,22510.148,-1,0.01085081118517861,0.01085081118517861,0.01085081118517861,0.01085081118517861,-0.007677189434296939,0.5,2.0,0.002,0.003425405592589305,69331.36008707093
2025-04-15,23083.400180281504,22782.537,-1,0.017593689046815575,0.017593689046815575,0.017593689046815575,-0.017593689046815575,-0.013033746238931877,1.0,0.0,0.0,-0.017593689046815575,68111.56569650622
2025-04-16,23275.85838264646,22977.855,-1,0.008337515308050714,0.008337515308050714,0.008337515308050714,-0.008337515308050714,-0.012803110319172582,1.0,0.0,0.0,-0.008337515308050714,67543.68447485629
2025-04-17,23634.802278560677,23186.412,-1,0.015421295748294872,0.015421295748294872,0.015421295748294872,-0.015421295748294872,-0.018971611155275687,1.0,0.0,0.0,-0.015421295748294872,66502.07334064002
2025-04-21,23919.643711899564,23539.768,-1,0.012051779827972897,0.012051779827972897,0.012051779827972897,-0.012051779827972897,-0.015881328186781594,1.0,0.0,0.0,-0.012051779827972897,65700.60499463492
2025-04-22,24064.433784653047,23867.148,-1,0.0060531868491608964,0.0060531868491608964,0.0060531868491608964,-0.0060531868491608964,-0.008198230900361507,0.5,0.0,0.0,-0.0030265934245804482,65501.75597556721
2025-04-23,24231.10879313468,24059.63,-1,0.0069261969748870555,0.0069261969748870555,0.0069261969748870555,-0.0069261969748870555,-0.007076803401719055,0.5,0.0,0.0,-0.0034630984874435278,65274.916943523334
2025-04-24,24240.77155831525,24247.285,1,0.00039877519691988716,0.00039877519691988716,0.00039877519691988716,-0.00039877519691988716,0.0002686977874891999,0.2,2.0,0.002,-0.0020797550393839774,65139.16110606467
2025-04-25,24116.234424877865,24402.826,1,-0.005137506994684182,-0.005137506994684182,-0.005137506994684182,-0.005137506994684182,0.011883761373064686,1.0,0.0,0.0,-0.005137506994684182,64804.5082102544
2025-04-28,24247.42968594797,24404.191,1,0.005440122150030424,0.005440122150030424,0.005440122150030424,0.005440122150030424,0.006465069332395141,0.5,0.0,0.0,0.002720061075015212,64980.780430522624
2025-04-29,24302.1382478168,24381.049,1,0.0022562623163533413,0.0022562623163533413,0.0022562623163533413,0.0022562623163533413,0.0032470703350675934,0.2,0.0,0.0,0.00045125246327066827,65010.10316775715
2025-04-30,24321.953043032325,24452.934,1,0.0008153519255575947,0.0008153519255575947,0.0008153519255575947,0.0008153519255575947,0.005385297666512819,0.5,0.0,0.0,0.00040767596277879736,65036.6062241564
2025-05-02,24337.247023585234,24705.96,1,0.0006288138343928384,0.0006288138343928384,0.0006288138343928384,0.0006288138343928384,0.015150151373220027,1.0,0.0,0.0,0.0006288138343928384,65077.50214189211
2025-05-05,24413.823517831315,24728.916,1,0.0031464731475943086,0.0031464731475943086,0.0031464731475943086,0.0031464731475943086,0.012906314405793474,1.0,0.0,0.0,0.0031464731475943086,65282.26675489408
2025-05-06,24392.671979093026,24640.75,1,-0.0008663755074186374,-0.0008663755074186374,-0.0008663755074186374,-0.0008663755074186374,0.01017018640350685,1.0,0.0,0.0,-0.0008663755074186374,65225.70779790887
2025-05-07,24406.100875949152,24554.148,1,0.0005505299652139861,0.0005505299652139861,0.0005505299652139861,0.0005505299652139861,0.00606598836919259,0.5,0.0,0.0,0.00027526498260699306,65243.662151231394
2025-05-08,24324.3349207033,24646.154,1,-0.0033502260627968905,-0.0033502260627968905,-0.0033502260627968905,-0.0033502260627968905,0.013230334163126007,1.0,0.0,0.0,-0.0033502260627968905,65025.08113386003
2025-05-09,24128.82918787773,24587.984,1,-0.008037454403703626,-0.008037454403703626,-0.008037454403703626,-0.008037454403703626,0.019029303433958075,1.0,0.0,0.0,-0.008037454403703626,64502.4450091495
2025-05-12,24620.70391758511,24294.68,-1,0.020385354211653883,0.020385354211653883,0.020385354211653883,0.020385354211653883,-0.013241860130256054,1.0,2.0,0.002,0.01838535421165388,65688.34530816044
2025-05-13,24600.763706027243,24489.275,-1,-0.0008098960787072951,-0.0008098960787072951,-0.0008098960787072951,0.0008098960787072951,-0.004531920527325999,0.2,0.0,0.0,0.00016197921574145902,65698.98545481682
2025-05-14,24643.745486131917,24664.52,1,0.0017471725926192505,0.0017471725926192505,0.0017471725926192505,-0.0017471725926192505,0.0008429933623431791,0.2,2.0,0.002,-0.0023494345185238502,65544.62999055727
2025-05-15,24904.22376487295,24738.803,-1,0.010569752024407686,0.010569752024407686,0.010569752024407686,0.010569752024407686,-0.00664227748813731,0.5,2.0,0.002,0.003284876012203843,65759.93597334203
2025-05-16,24975.73159133404,24898.547,-1,0.002871313201174841,0.002871313201174841,0.002871313201174841,-0.002871313201174841,-0.003090383601048205,0.2,0.0,0.0,-0.0005742626402349682,65722.17249888829
2025-05-19,24957.013101563505,25092.15,1,-0.0007494671258009289,-0.0007494671258009289,-0.0007494671258009289,0.0007494671258009289,0.005414786532609153,0.5,2.0,0.002,-0.0016252664370995356,65615.3564577526
2025-05-20,24788.21627627826,25118.852,1,-0.006763502691540801,-0.006763502691540801,-0.006763502691540801,-0.006763502691540801,0.01333842338781547,1.0,0.0,0.0,-0.006763502691540801,65171.56681774418
2025-05-21,24803.811144758925,24977.488,1,0.0006291242704536959,0.0006291242704536959,0.0006291242704536959,0.0006291242704536959,0.00700202296443359,0.5,0.0,0.0,0.00031456213522684795,65192.067324958436
2025-05-22,24683.84331805528,24894.572,1,-0.004836669091031864,-0.004836669091031864,-0.004836669091031864,-0.004836669091031864,0.008537109850741187,0.5,0.0,0.0,-0.002418334545515932,65034.41109645288
2025-05-23,24788.480850922733,24845.348,1,0.004239110235759513,0.004239110235759513,0.004239110235759513,0.004239110235759513,0.0022940957705018744,0.2,0.0,0.0,0.0008478220471519027,65089.548704003995
2025-05-26,24919.917856202017,24910.91,-1,0.005302342086622502,0.005302342086622502,0.005302342086622502,0.005302342086622502,-0.0003614721466577901,0.2,2.0,0.002,-0.0009395315826754996,65028.3950172945
2025-05-27,24861.99655278916,24980.307,1,-0.002324297525661434,-0.002324297525661434,-0.002324297525661434,0.002324297525661434,0.00475868649404853,0.2,2.0,0.002,-0.0015351404948677132,64928.567294787186
2025-05-28,24794.292576960983,25008.178,1,-0.002723191425291316,-0.002723191425291316,-0.002723191425291316,-0.002723191425291316,0.008626397481401054,0.5,0.0,0.0,-0.001361595712645658,64840.16083593038
2025-05-29,24818.585658990527,24964.115,1,0.0009797852450978972,0.0009797852450978972,0.0009797852450978972,0.0009797852450978972,0.005863724186746984,0.5,0.0,0.0,0.0004898926225489486,64871.92555236879
2025-05-30,24776.62953154644,25046.633,1,-0.0016905124256703097,-0.0016905124256703097,-0.0016905124256703097,-0.0016905124256703097,0.010897505978760462,1.0,0.0,0.0,-0.0016905124256703097,64762.258756145355
2025-06-02,24739.52899930246,24866.314,1,-0.0014974002899281746,-0.0014974002899281746,-0.0014974002899281746,-0.0014974002899281746,0.005124794441361975,0.5,0.0,0.0,-0.0007487001449640873,64713.77124362643
2025-06-03,24617.758380964147,24815.137,1,-0.0049221073829556206,-0.0049221073829556206,-0.0049221073829556206,-0.0049221073829556206,0.008017733214429296,0.5,0.0,0.0,-0.0024610536914778103,64554.50717801785
2025-06-04,24619.266901676827,24717.941,1,6.12777446806767e-05,6.12777446806767e-05,6.12777446806767e-05,6.12777446806767e-05,0.004008003110622735,0.2,0.0,0.0,1.2255548936135341e-05,64555.298328939614
2025-06-05,24700.62087190453,24469.717,-1,0.003304483864308816,0.003304483864308816,0.003304483864308816,0.003304483864308816,-0.009348099916272565,0.5,2.0,0.002,-0.0003477580678455921,64532.84870312355
2025-06-06,24887.532835094586,24578.04,-1,0.007567095748700625,0.007567095748700625,0.007567095748700625,-0.007567095748700625,-0.012435657529627062,1.0,0.0,0.0,-0.007567095748700625,64044.522458050604
2025-06-09,25020.821990424403,24929.23,-1,0.005355659647462652,0.005355659647462652,0.005355659647462652,-0.005355659647462652,-0.0036606307522373364,0.2,0.0,0.0,-0.0010711319294925304,63975.92232513668
2025-06-10,25072.383335955878,25123.1,1,0.0020607374750201135,0.0020607374750201135,0.0020607374750201135,-0.0020607374750201135,0.002022809852758955,0.2,2.0,0.002,-0.002412147495004023,63821.602964359525
2025-06-11,25115.038221544804,25141.676,1,0.0017012696805633887,0.0017012696805633887,0.0017012696805633887,0.0017012696805633887,0.0010606306158174187,0.2,0.0,0.0,0.00034025393611267777,63843.31851597717
2025-06-12,24974.84400784348,25216.611,1,-0.005582082434621216,-0.005582082434621216,-0.005582082434621216,-0.005582082434621216,0.009680420509557256,0.5,0.0,0.0,-0.002791041217310608,63665.129182549186
2025-06-13,24816.47626016319,25047.367,1,-0.0063410905641915205,-0.0063410905641915205,-0.0063410905641915205,-0.0063410905641915205,0.00930392926925927,0.5,0.0,0.0,-0.0031705452820957603,63463.27600758543
2025-06-16,24896.835350726717,24822.791,-1,0.003238134605456633,0.003238134605456633,0.003238134605456633,0.003238134605456633,-0.002974046688409907,0.2,2.0,0.002,-0.0013523730789086735,63377.44998161342
2025-06-17,24869.99106908386,24878.258,1,-0.0010782206358638247,-0.0010782206358638247,-0.0010782206358638247,0.0010782206358638247,0.00033240586589593067,0.2,2.0,0.002,-0.001784355872827235,63264.362056533915
2025-06-18,24834.182001884583,25046.383,1,-0.0014398504245459742,-0.0014398504245459742,-0.0014398504245459742,-0.0014398504245459742,0.008544714623550538,0.5,0.0,0.0,-0.0007199252122729871,63218.81644725106
2025-06-19,24808.884633492333,24990.65,1,-0.0010186511635588147,-0.0010186511635588147,-0.0010186511635588147,-0.0010186511635588147,0.007326623876604389,0.5,0.0,0.0,-0.0005093255817794073,63186.61748678466
2025-06-20,24996.46768752148,24866.04,-1,0.00756112404085707,0.00756112404085707,0.00756112404085707,0.00756112404085707,-0.005217844743183022,0.5,2.0,0.002,0.001780562020428535,63299.125178080976
2025-06-23,24981.28426302774,25061.27,1,-0.0006074228040355845,-0.0006074228040355845,-0.0006074228040355845,0.0006074228040355845,0.0032018264605650493,0.2,2.0,0.002,-0.001878515439192883,63180.21679414654
2025-06-24,25020.260790582637,25140.203,1,0.0015602291357206255,0.0015602291357206255,0.0015602291357206255,0.0015602291357206255,0.004793803326882556,0.2,0.0,0.0,0.0003120458271441251,63199.93191715522
2025-06-25,25159.00275211016,25161.098,1,0.005545184468250808,0.005545184468250808,0.005545184468250808,0.005545184468250808,8.328024407357381e-05,0.2,0.0,0.0,0.0011090368936501616,63270.02297332752
2025-06-26,25400.034306825,25167.191,-1,0.00958033023366256,0.00958033023366256,0.00958033023366256,0.00958033023366256,-0.009167046942233317,0.5,2.0,0.002,0.0027901651168312797,63446.556784368826
2025-06-27,25546.982069404883,25339.432,-1,0.005785337169422533,0.005785337169422533,0.005785337169422533,-0.005785337169422533,-0.008124250012820291,0.5,0.0,0.0,-0.0028926685847112665,63263.02692275058
2025-06-30,25528.483515998098,25539.672,1,-0.000724099361581354,-0.000724099361581354,-0.000724099361581354,0.000724099361581354,0.0004382745255858825,0.2,2.0,0.002,-0.0018551801276837292,63145.66261238637
2025-07-01,25536.71403856097,25591.713,1,0.00032240546359574296,0.00032240546359574296,0.00032240546359574296,0.00032240546359574296,0.002153721162244258,0.2,0.0,0.0,6.44810927191486e-05,63149.73431371208
2025-07-02,25485.2233724098,25624.504,1,-0.002016338753428437,-0.002016338753428437,-0.002016338753428437,-0.002016338753428437,0.005465152318067769,0.5,0.0,0.0,-0.0010081693767142186,63086.06868542935
2025-07-03,25435.828494604088,25677.209,1,-0.0019381771579521923,-0.0019381771579521923,-0.0019381771579521923,-0.0019381771579521923,0.009489783493669858,0.5,0.0,0.0,-0.0009690885789760961,63024.932696773794
2025-07-04,25451.38534048676,25729.074,1,0.0006116115260790256,0.0006116115260790256,0.0006116115260790256,0.0006116115260790256,0.01091055185398922,1.0,0.0,0.0,0.0006116115260790256,63063.479472041494
2025-07-07,25457.51341989188,25641.674,1,0.0002407758683127259,0.0002407758683127259,0.0002407758683127259,0.0002407758683127259,0.0072340364540168295,0.5,0.0,0.0,0.00012038793415636295,63071.07155405584
2025-07-08,25497.67733521132,25601.379,1,0.0015776841460115598,0.0015776841460115598,0.0015776841460115598,0.0015776841460115598,0.0040671024040873395,0.2,0.0,0.0,0.000315536829202312,63090.97279998839
2025-07-09,25484.341567244544,25643.39,1,-0.0005230189319385126,-0.0005230189319385126,-0.0005230189319385126,-0.0005230189319385126,0.00624102578188179,0.5,0.0,0.0,-0.0002615094659692563,63074.473913383976
2025-07-10,25404.558591026424,25687.15,1,-0.0031306665705920222,-0.0031306665705920222,-0.0031306665705920222,-0.0031306665705920222,0.011123649637958947,1.0,0.0,0.0,-0.0031306665705920222,62877.008766445666
2025-07-11,25247.139783125967,25513.951,1,-0.006196478767242275,-0.006196478767242275,-0.006196478767242275,-0.006196478767242275,0.010567977963680383,1.0,0.0,0.0,-0.006196478767242275,62487.39271667668
2025-07-14,25145.263677295014,25332.428,1,-0.004035154346435865,-0.004035154346435865,-0.004035154346435865,-0.004035154346435865,0.007443323128640994,0.5,0.0,0.0,-0.0020175771732179326,62361.319579517614
2025-07-15,25176.49732523218,25228.123,1,0.001242128471508952,0.001242128471508952,0.001242128471508952,0.001242128471508952,0.002050550324809481,0.2,0.0,0.0,0.0002484256943017904,62376.81173363173
2025-07-16,25198.47056946872,25200.47,1,0.0008727681199132142,0.0008727681199132142,0.0008727681199132142,0.0008727681199132142,7.934729712135517e-05,0.2,0.0,0.0,0.00017455362398264285,62387.699832172315
2025-07-17,25144.688416977624,25031.697,-1,-0.0021343419372548134,-0.0021343419372548134,-0.0021343419372548134,-0.0021343419372548134,-0.004493649517698235,0.2,2.0,0.002,-0.002426868387450963,62236.29309568384
2025-07-18,25035.736424882067,24771.957,-1,-0.004333002274229503,-0.004333002274229503,-0.004333002274229503,0.004333002274229503,-0.010536116070462698,1.0,0.0,0.0,0.004333002274229503,62505.96309520705
2025-07-21,25069.705299609104,24775.508,-1,0.0013568154797027887,0.0013568154797027887,0.0013568154797027887,-0.0013568154797027887,-0.011735171837607914,1.0,0.0,0.0,-0.0013568154797027887,62421.15403690575
2025-07-22,25064.26356658908,24921.467,-1,-0.00021706410007571453,-0.00021706410007571453,-0.00021706410007571453,0.00021706410007571453,-0.005697217722344329,0.5,0.0,0.0,0.00010853205003785726,62427.9287327191
2025-07-23,25160.45241374436,24966.426,-1,0.0038376889430535854,0.0038376889430535854,0.0038376889430535854,-0.0038376889430535854,-0.007711562993929659,0.5,0.0,0.0,-0.0019188444715267927,62308.13924680145
2025-07-24,25099.66703775523,25081.258,-1,-0.0024159094991441643,-0.0024159094991441643,-0.0024159094991441643,0.0024159094991441643,-0.0007334375283758295,0.2,0.0,0.0,0.00048318189982883287,62338.24541189752
2025-07-25,24937.32988069825,24989.467,1,-0.006467701615833765,-0.006467701615833765,-0.006467701615833765,0.006467701615833765,0.002090725813516462,0.2,2.0,0.002,-0.000706459676833247,62294.20595518947
2025-07-28,24778.847740115176,24856.094,1,-0.006355216911403949,-0.006355216911403949,-0.006355216911403949,-0.006355216911403949,0.0031174274403312535,0.2,0.0,0.0,-0.0012710433822807898,62215.0273169557
2025-07-29,24804.96083140596,24600.672,-1,0.0010538460692224305,0.0010538460692224305,0.0010538460692224305,0.0010538460692224305,-0.008235805442083452,0.5,2.0,0.002,-0.0014730769653887848,62123.379793314045
2025-07-30,24835.91812290436,24686.594,-1,0.0012480282355136207,0.0012480282355136207,0.0012480282355136207,-0.0012480282355136207,-0.006012426122739103,0.5,0.0,0.0,-0.0006240141177568104,62084.613927280254
2025-07-31,24794.158484973905,24756.87,-1,-0.001681421146735973,-0.001681421146735973,-0.001681421146735973,0.001681421146735973,-0.0015039221837879193,0.2,0.0,0.0,0.0003362842293471946,62105.49200382911
2025-08-01,24652.74682292613,24803.422,1,-0.005703426560472957,-0.005703426560472957,-0.005703426560472957,0.005703426560472957,0.006111902180967027,0.5,2.0,0.002,0.0008517132802364786,62158.3880761444
2025-08-04,24696.011165678265,24660.992,-1,0.001754950191266369,0.001754950191266369,0.001754950191266369,0.001754950191266369,-0.0014180089830431735,0.2,2.0,0.002,-0.0016490099617467262,62055.88827500072
2025-08-05,24667.297068971213,24610.756,-1,-0.0011627018029113367,-0.0011627018029113367,-0.0011627018029113367,0.0011627018029113367,-0.002292146918777501,0.2,0.0,0.0,0.00023254036058226735,62070.318773636434
2025-08-06,24609.759433254952,24560.938,-1,-0.0023325472408015635,-0.0023325472408015635,-0.0023325472408015635,0.0023325472408015635,-0.001983824075459356,0.2,0.0,0.0,0.0004665094481603127,62099.275163794664
2025-08-07,24601.34858235529,24573.168,-1,-0.0003417689198658147,-0.0003417689198658147,-0.0003417689198658147,0.0003417689198658147,-0.0011454893320564281,0.2,0.0,0.0,6.835378397316295e-05,62103.519884234105
2025-08-08,24454.226950325046,24576.855,1,-0.005980226309047265,-0.005980226309047265,-0.005980226309047265,0.005980226309047265,0.00501459522413254,0.5,2.0,0.002,0.0009901131545236325,62165.009396213696
2025-08-11,24535.08052437513,24434.107,-1,0.0033063230424059675,0.0033063230424059675,0.0033063230424059675,0.0033063230424059675,-0.004115475564664067,0.2,2.0,0.002,-0.0013387353915188065,62081.78689802089
2025-08-12,24505.61258112941,24501.121,-1,-0.0012010534555386698,-0.0012010534555386698,-0.0012010534555386698,0.0012010534555386698,-0.00018328785352915336,0.2,0.0,0.0,0.00024021069110773398,62096.69960695686
2025-08-13,24575.90593036459,24361.531,-1,0.0028684591745040677,0.0028684591745040677,0.0028684591745040677,-0.0028684591745040677,-0.008722971636204191,0.5,0.0,0.0,-0.0014342295872520339,62007.638683109864
2025-08-14,24610.141831013505,24538.36,-1,0.0013930676958937571,0.0013930676958937571,0.0013930676958937571,-0.0013930676958937571,-0.0029167581197376735,0.2,0.0,0.0,-0.00027861353917875143,61990.36251544025
2025-08-18,24775.037865084232,24596.863,-1,0.0067003284744555636,0.0067003284744555636,0.0067003284744555636,-0.0067003284744555636,-0.00719170909261596,0.5,0.0,0.0,-0.0033501642372277818,61782.68461988823
2025-08-19,24902.113394381136,24944.291,1,0.005129175987092838,0.005129175987092838,0.005129175987092838,-0.005129175987092838,0.0016937359874195051,0.2,2.0,0.002,-0.0030258351974185678,61595.740398174356
2025-08-20,24993.852744667303,24915.588,-1,0.0036839985760752647,0.0036839985760752647,0.0036839985760752647,0.0036839985760752647,-0.0031313597574108374,0.2,2.0,0.002,-0.001263200284784947,61517.93264136184
2025-08-21,25049.41230395824,24983.21,-1,0.0022229289681157116,0.0022229289681157116,0.0022229289681157116,-0.0022229289681157116,-0.0026428685493663545,0.2,0.0,0.0,-0.00044458579362314235,61490.58264245643
2025-08-22,24938.59096409147,25055.479,1,-0.004424109377179297,-0.004424109377179297,-0.004424109377179297,0.004424109377179297,0.004687034487106152,0.2,2.0,0.002,-0.0011151781245641406,61422.00968982685
2025-08-25,24956.612239362115,25119.602,1,0.0007226260415673647,0.0007226260415673647,0.0007226260415673647,0.0007226260415673647,0.006530924913791487,0.5,0.0,0.0,0.0003613130207836823,61444.202261690494
2025-08-26,24805.464945910597,25084.932,1,-0.006056402688066953,-0.006056402688066953,-0.006056402688066953,-0.006056402688066953,0.011266350165126683,1.0,0.0,0.0,-0.006056402688066953,61072.07142994666
2025-08-28,24617.2336989756,24907.145,1,-0.0075882974717644824,-0.0075882974717644824,-0.0075882974717644824,-0.0075882974717644824,0.011776761945289739,1.0,0.0,0.0,-0.0075882974717644824,60608.63838471938
2025-08-29,24499.56986068522,24776.336,1,-0.004779734381579859,-0.004779734381579859,-0.004779734381579859,-0.004779734381579859,0.01129677544906245,1.0,0.0,0.0,-0.004779734381579859,60318.9451920112
2025-09-01,24577.12133453388,24616.428,1,0.003165421853920325,0.003165421853920325,0.003165421853920325,0.003165421853920325,0.0015993193397669822,0.2,0.0,0.0,0.000633084370784065,60357.132173474434
2025-09-02,24578.652992619154,24752.514,1,6.232048352727837e-05,6.232048352727837e-05,6.232048352727837e-05,6.232048352727837e-05,0.007073658895508006,0.5,0.0,0.0,3.1160241763639185e-05,60359.01291630513
2025-09-03,24662.951461983343,24712.594,1,0.0034297432568621833,0.0034297432568621833,0.0034297432568621833,0.0034297432568621833,0.002012838491499274,0.2,0.0,0.0,0.0006859486513724367,60400.416099813236
2025-09-04,24707.047766364307,24753.436,1,0.0017879573111490021,0.0017879573111490021,0.0017879573111490021,0.0017879573111490021,0.0018775304145745276,0.2,0.0,0.0,0.00035759146222980043,60422.01477292566
2025-09-05,24728.031400745134,24736.357,1,0.0008492975194467345,0.0008492975194467345,0.0008492975194467345,0.0008492975194467345,0.0003366866985867216,0.2,0.0,0.0,0.0001698595038893469,60432.27802637897
2025-09-08,24755.91647002896,24804.455,1,0.0011276704090155132,0.0011276704090155132,0.0011276704090155132,0.0011276704090155132,0.0019606840259704,0.2,0.0,0.0,0.00022553408180310265,60445.907564714915
2025-09-09,24825.558480103853,24718.75,-1,0.0028131461082931963,0.0028131461082931963,0.0028131461082931963,0.0028131461082931963,-0.004302359610135396,0.2,2.0,0.002,-0.0014373707783413609,60359.024383511074
2025-09-10,24916.743912731963,24792.889,-1,0.00367304657823464,0.00367304657823464,0.00367304657823464,-0.00367304657823464,-0.00497075031816964,0.2,0.0,0.0,-0.0007346093156469281,60314.684081915584
2025-09-11,24971.59819137206,24889.83,-1,0.0022015026855923825,0.0022015026855923825,0.0022015026855923825,-0.0022015026855923825,-0.0032744476643193255,0.2,0.0,0.0,-0.0004403005371184765,60288.127494118184
2025-09-12,25059.607349163583,24952.207,-1,0.0035243702512373076,0.0035243702512373076,0.0035243702512373076,-0.0035243702512373076,-0.004285795370499675,0.2,0.0,0.0,-0.0007048740502474615,60245.63195750957
2025-09-15,25065.535450583644,25134.617,1,0.00023656002815464205,0.00023656002815464205,0.00023656002815464205,-0.00023656002815464205,0.0027560372509315713,0.2,2.0,0.002,-0.0020473120056309284,60122.29035191614
2025-09-16,25172.80399994549,25139.312,-1,0.004279523554297171,0.004279523554297171,0.004279523554297171,0.004279523554297171,-0.0013304834831097648,0.2,2.0,0.002,-0.0011440952891405658,60053.50472275217
2025-09-17,25270.110979371893,25306.447,1,0.003865559809174135,0.003865559809174135,0.003865559809174135,-0.003865559809174135,0.001437905067285539,0.2,2.0,0.002,-0.002773111961834827,59886.9696304554
2025-09-18,25364.972169600467,25449.58,1,0.0037538889443742285,0.0037538889443742285,0.0037538889443742285,0.0037538889443742285,0.003335616922179626,0.2,0.0,0.0,0.0007507777888748458,59931.93143709697
2025-09-19,25341.53546269929,25576.117,1,-0.0009239792081958687,-0.0009239792081958687,-0.0009239792081958687,-0.0009239792081958687,0.009256800466806565,0.5,0.0,0.0,-0.0004619896040979343,59904.24350781952
2025-09-22,25255.51387459172,25448.967,1,-0.0033944899761177982,-0.0033944899761177982,-0.0033944899761177982,-0.0033944899761177982,0.007659837228768595,0.5,0.0,0.0,-0.0016972449880588991,59802.57133076241
2025-09-23,25202.354376589967,25330.516,1,-0.002104867011050393,-0.002104867011050393,-0.002104867011050393,-0.002104867011050393,0.0050853035988209115,0.5,0.0,0.0,-0.0010524335055251965,59739.63310097735
2025-09-24,25112.458869464463,25314.682,1,-0.003566948777174783,-0.003566948777174783,-0.003566948777174783,-0.003566948777174783,0.008052701313985292,0.5,0.0,0.0,-0.0017834743885873916,59633.08899535815
2025-09-25,24975.496814507456,25278.375,1,-0.005453948403417619,-0.005453948403417619,-0.005453948403417619,-0.005453948403417619,0.012127013438091513,1.0,0.0,0.0,-0.005453948403417619,59307.853204841056
2025-09-26,24777.2329968201,25135.496,1,-0.007938333285614219,-0.007938333285614219,-0.007938333285614219,-0.007938333285614219,0.014459362884704575,1.0,0.0,0.0,-0.007938333285614219,58837.04769964674
2025-09-29,24689.266608484173,24903.797,1,-0.003550291041264253,-0.003550291041264253,-0.003550291041264253,-0.003550291041264253,0.008689216853533624,0.5,0.0,0.0,-0.0017751455206321265,58732.60337797549
2025-09-30,24640.95674623612,24753.102,1,-0.001956715159430966,-0.001956715159430966,-0.001956715159430966,-0.001956715159430966,0.004551172867141606,0.2,0.0,0.0,-0.0003913430318861933,58709.618782898986
2025-10-01,24761.68599937425,24658.283,-1,0.004899535938537536,0.004899535938537536,0.004899535938537536,0.004899535938537536,-0.004175927252161448,0.2,2.0,0.002,-0.0010200928122924928,58649.729522766116
2025-10-03,24843.615057445622,24791.775,-1,0.0033087027302358685,0.0033087027302358685,0.0033087027302358685,-0.0033087027302358685,-0.0020866551556909777,0.2,0.0,0.0,-0.0006617405460471737,58610.9186187262
2025-10-06,24988.25684791889,24814.793,-1,0.00582209111430898,0.00582209111430898,0.00582209111430898,-0.00582209111430898,-0.00694181466817017,0.5,0.0,0.0,-0.00291104555715449,58440.29956448041
2025-10-07,25062.44807886074,24987.545,-1,0.002969043875024502,0.002969043875024502,0.002969043875024502,-0.002969043875024502,-0.0029886577171174085,0.2,0.0,0.0,-0.0005938087750049005,58405.59720178511
2025-10-08,25052.375553593007,24999.629,-1,-0.0004018971026309437,-0.0004018971026309437,-0.0004018971026309437,0.0004018971026309437,-0.002105451176882148,0.2,0.0,0.0,8.037942052618874e-05,58410.29180984367
2025-10-09,25132.36474328672,24992.068,-1,0.003192878436721225,0.003192878436721225,0.003192878436721225,-0.003192878436721225,-0.005582313670829349,0.5,0.0,0.0,-0.0015964392183606124,58317.043329242544
2025-10-10,25226.914590293625,25024.074,-1,0.0037620752353662024,0.0037620752353662024,0.0037620752353662024,-0.0037620752353662024,-0.008040642051869086,0.5,0.0,0.0,-0.0018810376176831012,58207.34677698819
2025-10-13,25227.183446871677,25197.668,-1,1.0657529167401592e-05,1.0657529167401592e-05,1.0657529167401592e-05,-1.0657529167401592e-05,-0.0011699858184261794,0.2,0.0,0.0,-2.1315058334803182e-06,58207.222707688976
2025-10-14,25176.70030038673,25287.996,1,-0.002001140816661695,-0.002001140816661695,-0.002001140816661695,0.002001140816661695,0.0044205832490114335,0.2,2.0,0.002,-0.001599771836667661,58114.10443211057
2025-10-15,25267.45888882449,25252.004,-1,0.0036048643132304825,0.0036048643132304825,0.0036048643132304825,0.0036048643132304825,-0.0006116518836536198,0.2,2.0,0.002,-0.0012790271373539035,58039.77491547888
2025-10-16,25463.895981392045,25314.834,-1,0.007774311355639885,0.007774311355639885,0.007774311355639885,-0.007774311355639885,-0.005853856043905222,0.5,0.0,0.0,-0.0038871556778199423,57814.16527487678
2025-10-17,25615.90368314186,25517.992,-1,0.005969538277288633,0.005969538277288633,0.005969538277288633,-0.005969538277288633,-0.003822300565812102,0.2,0.0,0.0,-0.0011939076554577266,57745.140500361216
2025-10-20,25756.349872197945,25738.926,-1,0.00548277315504242,0.00548277315504242,0.00548277315504242,-0.00548277315504242,-0.0006764884109899914,0.2,0.0,0.0,-0.001096554631008484,57681.81979912731
2025-10-21,25825.72402500161,25828.725,1,0.0026934776530020965,0.0026934776530020965,0.0026934776530020965,-0.0026934776530020965,0.00011620100158594506,0.2,2.0,0.002,-0.002538695530600419,57535.38322100636
2025-10-23,25866.31425121444,25897.664,1,0.0015716975126636168,0.0015716975126636168,0.0015716975126636168,0.0015716975126636168,0.001211991336728167,0.2,0.0,0.0,0.0003143395025327234,57553.46886474608
2025-10-24,25822.332566599503,25960.46,1,-0.001700346024864019,-0.001700346024864019,-0.001700346024864019,-0.001700346024864019,0.005349146249443003,0.5,0.0,0.0,-0.0008501730124320095,57504.53845874544
2025-10-27,25911.155308055964,26001.822,1,0.0034397644452675014,0.0034397644452675014,0.0034397644452675014,0.0034397644452675014,0.0034991373740809973,0.2,0.0,0.0,0.0006879528890535003,57544.09887211181
2025-10-28,25926.63329607609,26063.318,1,0.000597348432985978,0.000597348432985978,0.000597348432985978,0.000597348432985978,0.0052719804520318415,0.5,0.0,0.0,0.000298674216492989,57561.285810756235
2025-10-29,26005.288686156764,26127.842,1,0.0030337679860878985,0.0030337679860878985,0.0030337679860878985,0.0030337679860878985,0.004712630393081335,0.2,0.0,0.0,0.0006067535972175798,57596.21132798238
2025-10-30,25926.527005210726,26213.482,1,-0.0030286793542870782,-0.0030286793542870782,-0.0030286793542870782,-0.0030286793542870782,0.011068007478656952,1.0,0.0,0.0,-0.0030286793542870782,57421.770871848166
2025-10-31,25800.18392635262,26106.248,1,-0.004873120060882585,-0.004873120060882585,-0.004873120060882585,-0.004873120060882585,0.011862864021475527,1.0,0.0,0.0,-0.004873120060882585,57141.94768828116
2025-11-03,25777.419066508064,25962.34,1,-0.0008823526184750241,-0.0008823526184750241,-0.0008823526184750241,-0.0008823526184750241,0.007173756729284004,0.5,0.0,0.0,-0.00044117630923751205,57116.738014697396
2025-11-04,25666.315914699764,25930.246,1,-0.004310096038771194,-0.004310096038771194,-0.004310096038771194,-0.004310096038771194,0.010283130862153671,1.0,0.0,0.0,-0.004310096038771194,56870.55938843272
2025-11-06,25569.5214733971,25906.777,1,-0.0037712635356143,-0.0037712635356143,-0.0037712635356143,-0.0037712635356143,0.013189747291664536,1.0,0.0,0.0,-0.0037712635356143,56656.08552156114
2025-11-07,25521.796461015405,25756.707,1,-0.0018664804670415203,-0.0018664804670415203,-0.0018664804670415203,-0.0018664804670415203,0.009204310493715437,0.5,0.0,0.0,-0.0009332402335207601,56603.21178307863
2025-11-10,25554.27609291745,25534.586,-1,0.001272623263478323,0.001272623263478323,0.001272623263478323,0.001272623263478323,-0.0007705204735934172,0.2,2.0,0.002,-0.0017454753473043355,56504.41227233303
2025-11-11,25641.216865985654,25481.826,-1,0.003402200584828874,0.003402200584828874,0.003402200584828874,-0.003402200584828874,-0.006216197414448503,0.5,0.0,0.0,-0.001701100292414437,56408.29260009385
2025-11-12,25786.19769883305,25544.484,-1,0.00565421031322888,0.00565421031322888,0.00565421031322888,-0.00565421031322888,-0.009373762725940324,0.5,0.0,0.0,-0.00282710515661444,56248.820425208316
2025-11-13,25843.645621706262,25721.47,-1,0.0022278555196144634,0.0022278555196144634,0.0022278555196144634,-0.0022278555196144634,-0.004727491759275827,0.2,0.0,0.0,-0.0004455711039228927,56223.757576197095
2025-11-14,25884.68626733265,25788.29,-1,0.001588036232470058,0.001588036232470058,0.001588036232470058,-0.001588036232470058,-0.0037240655087369145,0.2,0.0,0.0,-0.00031760724649401164,56205.90050336578
2025-11-17,25964.266147800325,25885.86,-1,0.0030744000389182347,0.0030744000389182347,0.0030744000389182347,-0.0030744000389182347,-0.0030197713794027884,0.2,0.0,0.0,-0.0006148800077836469,56171.34061882678
2025-11-18,25930.75920855969,25897.582,-1,-0.0012905020711887483,-0.0012905020711887483,-0.0012905020711887483,0.0012905020711887483,-0.001279453805916387,0.2,0.0,0.0,0.00025810041423774966,56185.83846510878
2025-11-19,26006.09210200496,25887.928,-1,0.002905155720253738,0.002905155720253738,0.002905155720253738,-0.002905155720253738,-0.004543708510355197,0.2,0.0,0.0,-0.0005810311440507476,56153.19274310595
2025-11-20,26121.08244826078,25922.838,-1,0.004421669576681664,0.004421669576681664,0.004421669576681664,-0.004421669576681664,-0.007589442307892513,0.5,0.0,0.0,-0.002210834788340832,56029.04731111309
2025-11-21,26088.3686375474,26112.008,1,-0.0012523910821145012,-0.0012523910821145012,-0.0012523910821145012,0.0012523910821145012,0.0009061265110528974,0.2,2.0,0.002,-0.0017495217835770999,55931.02327232923
2025-11-24,26008.723439459216,26202.662,1,-0.003052900669823999,-0.003052900669823999,-0.003052900669823999,-0.003052900669823999,0.007456673565398821,0.5,0.0,0.0,-0.0015264503349119996,55845.647343123215
2025-11-25,25932.135024709685,26108.96,1,-0.0029447202561788677,-0.0029447202561788677,-0.0029447202561788677,-0.0029447202561788677,0.006818758853516091,0.5,0.0,0.0,-0.0014723601280894338,55763.42243864786
2025-11-26,26100.96074681418,26017.125,-1,0.006510290106990002,0.006510290106990002,0.006510290106990002,0.006510290106990002,-0.0032119793454121453,0.2,2.0,0.002,-0.0006979419786019994,55724.50280525741
2025-11-27,26171.781282867538,26195.89,1,0.002713330621824106,0.002713330621824106,0.002713330621824106,-0.002713330621824106,0.0009211721919838736,0.2,2.0,0.002,-0.0025426661243648212,55582.81399967742
2025-11-28,26191.044126602075,26310.371,1,0.0007360157692877234,0.0007360157692877234,0.0007360157692877234,0.0007360157692877234,0.004556018187786732,0.2,0.0,0.0,0.0001472031538575447,55590.99596519845
2025-12-01,26181.591836533746,26293.094,1,-0.00036089779478198913,-0.00036089779478198913,-0.00036089779478198913,-0.00036089779478198913,0.004258800005837131,0.2,0.0,0.0,-7.217955895639782e-05,55586.983431627734
2025-12-02,26089.26212107507,26251.246,1,-0.0035265126748267317,-0.0035265126748267317,-0.0035265126748267317,-0.0035265126748267317,0.006208833280649902,0.5,0.0,0.0,-0.0017632563374133658,55488.969330814216
2025-12-03,26025.44262050027,26131.256,1,-0.0024461979905229247,-0.0024461979905229247,-0.0024461979905229247,-0.0024461979905229247,0.004065766759193594,0.2,0.0,0.0,-0.000489239598104585,55461.82192975958
2025-12-04,26030.576863388545,26058.076,1,0.0001972778316643442,0.0001972778316643442,0.0001972778316643442,0.0001972778316643442,0.0010564167192980045,0.2,0.0,0.0,3.9455566332868846e-05,55464.01020735366
2025-12-05,26126.91127690843,26067.021,-1,0.0037008174665302818,0.0037008174665302818,0.0037008174665302818,0.0037008174665302818,-0.002292283089787314,0.2,2.0,0.002,-0.0012598365066939436,55394.1346224868
2025-12-08,26024.09483620624,26165.068,1,-0.003935269638744576,-0.003935269638744576,-0.003935269638744576,0.003935269638744576,0.005417024671983147,0.5,2.0,0.002,-3.236518062771192e-05,55392.34178131403
2025-12-09,25910.101899800906,26093.916,1,-0.004380284391168998,-0.004380284391168998,-0.004380284391168998,-0.004380284391168998,0.007094302481323229,0.5,0.0,0.0,-0.002190142195584499,55271.024676266534
2025-12-10,25816.097755970517,25897.451,1,-0.0036280885422187437,-0.0036280885422187437,-0.0036280885422187437,-0.0036280885422187437,0.0031512603027182623,0.2,0.0,0.0,-0.0007256177084437488,55230.91904199761
2025-12-11,25867.056528068493,25676.504,-1,0.001973914593122128,0.001973914593122128,0.001973914593122128,0.001973914593122128,-0.007366610416678942,0.5,2.0,0.002,-0.001013042703438936,55174.96776245788
2025-12-12,25978.236325237336,25806.02,-1,0.004298123253730024,0.004298123253730024,0.004298123253730024,-0.004298123253730024,-0.006629253929375913,0.5,0.0,0.0,-0.002149061626865012,55056.393356476074
2025-12-15,26008.559826692686,26003.746,-1,0.001167265594003819,0.001167265594003819,0.001167265594003819,-0.001167265594003819,-0.00018508624563466582,0.2,0.0,0.0,-0.00023345311880076383,55043.54026973709
2025-12-16,25916.80636641316,26079.79,1,-0.003527817798867905,-0.003527817798867905,-0.003527817798867905,0.003527817798867905,0.006288723667668427,0.5,2.0,0.002,-0.00023609110056604758,55030.544979735765
2025-12-17,25856.081075197817,25789.17,-1,-0.002343085423288871,-0.002343085423288871,-0.002343085423288871,-0.002343085423288871,-0.0025878274052134873,0.2,2.0,0.002,-0.002468617084657774,54894.69563622076
2025-12-18,25831.03197596404,25628.764,-1,-0.0009687894759041749,-0.0009687894759041749,-0.0009687894759041749,0.0009687894759041749,-0.007830425673749822,0.5,0.0,0.0,0.00048439473795208743,54921.286337928424
2025-12-19,25914.694257227704,25638.766,-1,0.0032388284502729014,0.0032388284502729014,0.0032388284502729014,-0.0032388284502729014,-0.010647559816405971,1.0,0.0,0.0,-0.0032388284502729014,54743.405713211556
2025-12-22,26073.965406776548,25844.73,-1,0.0061459783383097655,0.0061459783383097655,0.0061459783383097655,-0.0061459783383097655,-0.008791735480210868,0.5,0.0,0.0,-0.0030729891691548827,54575.179820372214
2025-12-23,26137.7372339235,26048.613,-1,0.0024458047002846595,0.0024458047002846595,0.0024458047002846595,-0.0024458047002846595,-0.003409791487528901,0.2,0.0,0.0,-0.0004891609400569319,54548.4837741075
2025-12-24,26140.433330224216,26126.455,-1,0.00010314956786761087,0.00010314956786761087,0.00010314956786761087,-0.00010314956786761087,-0.0005347398050992489,0.2,0.0,0.0,-2.0629913573522176e-05,54547.358443601675
2025-12-26,26079.78407955549,26085.186,1,-0.002320131801281211,-0.002320131801281211,-0.002320131801281211,0.002320131801281211,0.00020713056626665122,0.2,2.0,0.002,-0.001535973639743758,54463.57513891465
2025-12-29,25994.690397260925,25957.445,-1,-0.0032628215799253013,-0.0032628215799253013,-0.0032628215799253013,-0.0032628215799253013,-0.001432807880829775,0.2,2.0,0.002,-0.00265256431598506,54319.10700298021
2025-12-30,25960.178892388853,25975.361,1,-0.001327636695981127,-0.001327636695981127,-0.001327636695981127,0.001327636695981127,0.0005848229195215374,0.2,2.0,0.002,-0.0017344726608037747,54224.89199692426
2025-12-31,26064.886653884667,26028.072,-1,0.004033399073629429,0.004033399073629429,0.004033399073629429,0.004033399073629429,-0.001412423325431188,0.2,2.0,0.002,-0.001193320185274114,54160.18433876003
2026-01-01,26115.35786025805,26180.564,1,0.001936367767241487,0.001936367767241487,0.001936367767241487,-0.001936367767241487,0.002496850324275242,0.2,2.0,0.002,-0.0023872735534482973,54030.889163038235
2026-01-02,26247.11833159194,26125.5,-1,0.005045325131630696,0.005045325131630696,0.005045325131630696,0.005045325131630696,-0.004633587964037813,0.2,2.0,0.002,-0.000990934973673861,53977.34806530788
2026-01-05,26249.085193648112,26169.87,-1,7.493630467636514e-05,7.493630467636514e-05,7.493630467636514e-05,-7.493630467636514e-05,-0.0030178268333435902,0.2,0.0,0.0,-1.4987260935273028e-05,53976.53909270783
2026-01-06,26205.584268829774,26191.316,-1,-0.0016572358425985811,-0.0016572358425985811,-0.0016572358425985811,0.0016572358425985811,-0.000544474364067008,0.2,0.0,0.0,0.00033144716851971626,53994.4294637566
2026-01-07,26165.514487057226,26303.037,1,-0.001529055080836672,-0.001529055080836672,-0.001529055080836672,0.001529055080836672,0.005255868865517627,0.5,2.0,0.002,-0.001235472459581664,53927.7208331833
2026-01-08,25987.10978129128,26295.574,1,-0.006818314459445918,-0.006818314459445918,-0.006818314459445918,-0.006818314459445918,0.011869893239562553,1.0,0.0,0.0,-0.006818314459445918,53560.02467446145
2026-01-09,25799.34549317765,26096.414,1,-0.007225285524010361,-0.007225285524010361,-0.007225285524010361,-0.007225285524010361,0.011514575317459376,1.0,0.0,0.0,-0.007225285524010361,53173.03820351542
2026-01-12,25793.724169249417,25791.055,-1,-0.000217886299856751,-0.000217886299856751,-0.000217886299856751,-0.000217886299856751,-0.00010348134421779208,0.2,2.0,0.002,-0.0020435772599713504,53064.37499179912
2026-01-13,25755.76242776161,25621.143,-1,-0.001471743329451658,-0.001471743329451658,-0.001471743329451658,0.001471743329451658,-0.0052267692769407265,0.5,0.0,0.0,0.000735871664725829,53103.42356176198
2026-01-14,25700.0387414772,25632.59,-1,-0.0021635424864900887,-0.0021635424864900887,-0.0021635424864900887,0.0021635424864900887,-0.002624460692673814,0.2,0.0,0.0,0.0004327084972980178,53126.40186437276
2026-01-16,25696.52266447155,25639.787,-1,-0.00013681212861271774,-0.00013681212861271774,-0.00013681212861271774,0.00013681212861271774,-0.002207912144859767,0.2,0.0,0.0,2.736242572254355e-05,53127.85553159768
2026-01-19,25627.90688430656,25623.268,-1,-0.0026702360105657075,-0.0026702360105657075,-0.0026702360105657075,0.0026702360105657075,-0.000181009097914359,0.2,0.0,0.0,0.0005340472021131415,53156.2283141986
2026-01-20,25383.531990419408,25582.465,1,-0.009535499523638413,-0.009535499523638413,-0.009535499523638413,0.009535499523638413,0.007837089403305915,0.5,2.0,0.002,0.0027677497618192066,53303.35145245443
2026-01-21,25243.836537795414,25394.83,1,-0.005503389074330567,-0.005503389074330567,-0.005503389074330567,-0.005503389074330567,0.005981399141866495,0.5,0.0,0.0,-0.0027516945371652834,53156.67691145011
2026-01-22,25272.305564496877,25092.059,-1,0.00112776148977356,0.00112776148977356,0.00112776148977356,0.00112776148977356,-0.007132177317058506,0.5,2.0,0.002,-0.00143611925511322,53080.33758419974
2026-01-23,25134.079065284284,25011.37,-1,-0.005469485119188211,-0.005469485119188211,-0.005469485119188211,0.005469485119188211,-0.004882178693142318,0.2,0.0,0.0,0.0010938970238376423,53138.4020075074
2026-01-27,25159.61704880504,24876.746,-1,0.0010160699922374672,0.0010160699922374672,0.0010160699922374672,-0.0010160699922374672,-0.011243058598877876,1.0,0.0,0.0,-0.0010160699922374672,53084.40967179212
2026-01-28,25272.799437103604,24931.447,-1,0.004498573570456577,0.004498573570456577,0.004498573570456577,-0.004498573570456577,-0.013506712541011821,1.0,0.0,0.0,-0.004498573570456577,52845.605549439315
2026-01-29,25363.0947921686,25064.686,-1,0.0035728275884003846,0.0035728275884003846,0.0035728275884003846,-0.0035728275884003846,-0.011765472416273782,1.0,0.0,0.0,-0.0035728275884003846,52656.79731200655
2026-01-30,25336.8627093825,25291.537,-1,-0.0010342619069576564,-0.0010342619069576564,-0.0010342619069576564,0.0010342619069576564,-0.001788923510475383,0.2,0.0,0.0,0.0002068523813915313,52667.68949592699
2026-02-02,25183.304551466757,25238.564,1,-0.00606066187740284,-0.00606066187740284,-0.00606066187740284,0.00606066187740284,0.0021942890147839075,0.2,2.0,0.002,-0.0007878676245194321,52626.19432851491
2026-02-03,25519.66721972179,25184.434,-1,0.013356573898695823,0.013356573898695823,0.013356573898695823,0.013356573898695823,-0.013136269248163109,1.0,2.0,0.002,0.011356573898695823,53223.84759341382
2026-02-04,25671.328915774146,25488.686,-1,0.005942933924120819,0.005942933924120819,0.005942933924120819,-0.005942933924120819,-0.0071146654064299835,0.5,0.0,0.0,-0.0029714669620604095,53065.694688696254
2026-02-05,25653.522786042693,25566.654,-1,-0.0006936193209893249,-0.0006936193209893249,-0.0006936193209893249,0.0006936193209893249,-0.0033862322444836736,0.2,0.0,0.0,0.00013872386419786498,53073.05616691982
2026-02-06,25678.389013685017,25687.07,1,0.0009693104471348857,0.0009693104471348857,0.0009693104471348857,-0.0009693104471348857,0.00033806584635649994,0.2,2.0,0.002,-0.002193862089426977,52956.62120102519
2026-02-09,25795.167476384067,25696.22,-1,0.0045477332178749386,0.0045477332178749386,0.0045477332178749386,0.0045477332178749386,-0.0038358919931283414,0.2,2.0,0.002,-0.0010904533564250122,52898.874475691606
2026-02-10,25881.68433130007,25852.172,-1,0.0033539946966893996,0.0033539946966893996,0.0033539946966893996,-0.0033539946966893996,-0.001140278620289883,0.2,0.0,0.0,-0.00067079893933788,52863.38996680114
2026-02-11,25926.28512573208,26049.748,1,0.001723257028448888,0.001723257028448888,0.001723257028448888,-0.001723257028448888,0.004762073458236469,0.2,2.0,0.002,-0.0023446514056897775,52739.44374520596
2026-02-12,25852.68593953879,26159.092,1,-0.002838786422210582,-0.002838786422210582,-0.002838786422210582,-0.002838786422210582,0.011852001032998888,1.0,0.0,0.0,-0.002838786422210582,52589.72772838712
2026-02-13,25616.852595369757,26066.807,1,-0.009122198935947012,-0.009122198935947012,-0.009122198935947012,-0.009122198935947012,0.017564780956407296,1.0,0.0,0.0,-0.009122198935947012,52109.99377006149
2026-02-16,25657.579431768183,25861.727,1,0.001589845444392557,0.001589845444392557,0.001589845444392557,0.001589845444392557,0.007956618385405782,0.5,0.0,0.0,0.0007949227221962785,52151.41718816283
2026-02-17,25699.495089576376,25811.256,1,0.0016336559697558428,0.0016336559697558428,0.0016336559697558428,0.0016336559697558428,0.004348758994450251,0.2,0.0,0.0,0.0003267311939511686,52168.45668296697
2026-02-18,25773.56925653915,25841.416,1,0.0028823199329242044,0.0028823199329242044,0.0028823199329242044,0.0028823199329242044,0.0026324155100728376,0.2,0.0,0.0,0.0005764639865848409,52198.52991948041
2026-02-19,25576.280664706435,25898.273,1,-0.00765468646848988,-0.00765468646848988,-0.00765468646848988,-0.00765468646848988,0.012589490220049614,1.0,0.0,0.0,-0.00765468646848988,51798.96653883069
2026-02-20,25573.171542931832,25769.432,1,-0.00012156270160479377,-0.00012156270160479377,-0.00012156270160479377,-0.00012156270160479377,0.007674466842671033,0.5,0.0,0.0,-6.078135080239688e-05,51795.81812767428
2026-02-23,25659.590281994493,25772.514,1,0.00337927342791966,0.00337927342791966,0.00337927342791966,0.00337927342791966,0.004400838702586199,0.2,0.0,0.0,0.0006758546855839321,51830.824574049526
2026-02-24,25514.38944381492,25667.186,1,-0.005658735645575064,-0.005658735645575064,-0.005658735645575064,-0.005658735645575064,0.005988642468656978,0.5,0.0,0.0,-0.002829367822787532,51684.17610677116
2026-02-25,25494.68068365497,25582.799,1,-0.0007724566642423047,-0.0007724566642423047,-0.0007724566642423047,-0.0007724566642423047,0.0034563412438236027,0.2,0.0,0.0,-0.00015449133284846096,51676.191349517256
2026-02-26,25495.83646753098,25475.172,-1,4.533431464981419e-05,4.533431464981419e-05,4.533431464981419e-05,4.533431464981419e-05,-0.0008105036113365471,0.2,2.0,0.002,-0.001990933137070037,51573.307507761936
2026-02-27,25299.804691244844,25447.4,1,-0.007688776029599276,-0.007688776029599276,-0.007688776029599276,0.007688776029599276,0.005833851705828911,0.5,2.0,0.002,0.0018443880147996378,51668.42869801282
2026-03-02,25031.5127545407,25330.69,1,-0.01060450623940934,-0.01060450623940934,-0.01060450623940934,-0.01060450623940934,0.011952024170214277,1.0,0.0,0.0,-0.01060450623940934,51120.51052350427
2026-03-04,24690.96814399984,25016.346,1,-0.013604635639893115,-0.013604635639893115,-0.013604635639893115,-0.013604635639893115,0.013178011251018243,1.0,0.0,0.0,-0.013604635639893115,50425.03460410668
2026-03-05,24735.05376859525,24747.803,1,0.0017854959893959244,0.0017854959893959244,0.0017854959893959244,0.0017854959893959244,0.0005154317239017113,0.2,0.0,0.0,0.00035709919787918487,50443.04134351684
2026-03-06,24557.199403545023,24734.945,1,-0.00719037713498083,-0.00719037713498083,-0.00719037713498083,-0.00719037713498083,0.007238023910386061,0.5,0.0,0.0,-0.003595188567490415,50261.689097969174
2026-03-09,24229.637544031622,24656.908,1,-0.013338730289664591,-0.013338730289664591,-0.013338730289664591,-0.013338730289664591,0.017634207494516347,1.0,0.0,0.0,-0.013338730289664591,49591.261983188386
2026-03-10,24248.810849067817,24490.607,1,0.0007913162135153584,0.0007913162135153584,0.0007913162135153584,0.0007913162135153584,0.00997146426837992,0.5,0.0,0.0,0.0003956581067576792,49610.883168016386
2026-03-11,24011.10494812789,24220.479,1,-0.009802785894099442,-0.009802785894099442,-0.009802785894099442,-0.009802785894099442,0.008719884083819903,0.5,0.0,0.0,-0.004901392947049721,49367.72073515976
2026-03-12,23780.99164301345,24061.496,1,-0.009583619979653624,-0.009583619979653624,-0.009583619979653624,-0.009583619979653624,0.011795317924387604,1.0,0.0,0.0,-0.009583619979653624,48894.59926037232
2026-03-13,23391.639465344306,23991.547,1,-0.016372411357519323,-0.016372411357519323,-0.016372411357519323,-0.016372411357519323,0.02564623721840793,1.0,0.0,0.0,-0.016372411357519323,48094.076768120445
