Date,Actual_Close,Predicted_Close
2024-08-02,24814.001476001897,25110.24
2024-08-05,24345.283345295105,24949.012
2024-08-06,24173.14558488854,24495.863
2024-08-07,24245.496922854287,24248.379
2024-08-08,24163.47915263329,24236.637
2024-08-09,24290.16916573681,24374.064
2024-08-12,24325.31683666219,24420.643
2024-08-13,24210.1550854523,24395.643
2024-08-14,24169.113881737037,24376.787
2024-08-16,24399.04558289426,24285.959
2024-08-19,24506.339288287574,24319.033
2024-08-20,24625.31721534164,24466.695
2024-08-21,24714.859218403166,24623.883
2024-08-22,24774.58650618746,24701.877
2024-08-23,24804.600637399843,24766.34
2024-08-26,24931.91500373066,24869.375
2024-08-27,24984.963948849498,25140.357
2024-08-28,25026.610577408635,25241.904
2024-08-29,25104.07411786134,25154.23
2024-08-30,25185.547235039496,25138.773
2024-09-02,25243.11832709207,25257.018
2024-09-03,25265.81950799328,25364.2
2024-09-04,25224.33688790621,25475.77
2024-09-05,25175.365556597877,25483.469
2024-09-06,24975.607598347204,25344.055
2024-09-09,24951.376211370905,25060.188
2024-09-10,25006.828320923567,25054.145
2024-09-11,24952.2070318851,25105.73
2024-09-12,25222.09837024771,25130.023
2024-09-13,25305.163145578004,25265.652
2024-09-16,25353.732492679737,25315.49
2024-09-17,25393.79239810876,25430.748
2024-09-18,25383.754526857792,25442.355
2024-09-19,25403.56020128431,25449.85
2024-09-20,25642.97978094653,25446.295
2024-09-23,25825.961722217253,25625.652
2024-09-24,25896.68870892052,25818.355
2024-09-25,25963.103680702112,25957.293
2024-09-26,26119.43358619644,26054.666
2024-09-27,26156.21626997649,26273.33
2024-09-30,25942.767935143722,26319.725
2024-10-01,25852.616834775665,26112.436
2024-10-03,25480.240710670776,25996.26
2024-10-04,25218.07712591369,25684.193
2024-10-07,24971.67180173053,25438.014
2024-10-08,24997.367108675327,25136.62
2024-10-09,24987.76489026193,25159.414
2024-10-10,24994.375579904685,25079.605
2024-10-11,24975.753899500563,25074.934
2024-10-14,25069.81802632993,24902.783
2024-10-15,25062.112094013446,24919.715
2024-10-16,25005.987587628726,24944.074
2024-10-17,24847.68559951617,24927.771
2024-10-18,24851.619498214823,24708.947
2024-10-21,24808.03580996013,24674.865
2024-10-22,24600.415819899197,24679.69
2024-10-23,24498.492237915507,24665.168
2024-10-24,24437.25010828166,24498.33
2024-10-25,24278.755707783945,24412.598
2024-10-28,24316.081674519486,24377.883
2024-10-29,24409.261382673827,24292.506
2024-10-30,24366.980581544496,24367.129
2024-10-31,24267.08714710906,24358.168
2024-11-01,24290.116615293922,24292.49
2024-11-04,24107.94058687399,24140.484
2024-11-05,24173.056768059658,24131.156
2024-11-06,24365.261638509022,24200.74
2024-11-07,24262.722365361733,24408.21
2024-11-08,24191.943168257098,24378.404
2024-11-11,24160.644451815282,24276.62
2024-11-12,23989.32837626149,24230.898
2024-11-13,23723.402197946827,24206.117
2024-11-14,23605.541275047322,23961.53
2024-11-18,23511.760492410885,23746.768
2024-11-19,23515.925737168393,23637.018
2024-11-21,23413.3164300106,23574.213
2024-11-22,23718.58416444862,23500.75
2024-11-25,24028.708588971873,23825.674
2024-11-26,24129.834655638882,24041.527
2024-11-27,24219.790090204042,24168.992
2024-11-28,24030.80225926629,24250.834
2024-11-29,24092.793839998274,24181.512
2024-12-02,24206.05403378048,24192.705
2024-12-03,24361.240351735403,24305.357
2024-12-04,24426.881055957743,24475.22
2024-12-05,24600.869578880076,24551.246
2024-12-06,24648.415676963665,24774.686
2024-12-09,24630.23578878556,24827.988
2024-12-10,24617.760768064163,24845.291
2024-12-11,24632.61831330322,24836.281
2024-12-12,24580.753460564105,24884.79
2024-12-13,24696.664079247003,24806.234
2024-12-16,24679.103212513317,24803.57
2024-12-17,24467.053765530807,24801.1
2024-12-18,24301.294481102534,24606.709
2024-12-19,24085.232726662736,24536.69
2024-12-20,23777.616984272,24299.18
2024-12-23,23762.770070026967,23975.518
2024-12-24,23741.034252600268,23699.56
2024-12-26,23746.699680221245,23734.316
2024-12-27,23787.92422543971,23648.953
2024-12-30,23699.530246676255,23696.262
2024-12-31,23665.7055552147,23736.168
2025-01-01,23713.41459170785,23708.115
2025-01-02,24007.126472109583,23708.562
2025-01-03,24005.657731569627,24050.756
2025-01-06,23764.867393949102,23974.494
2025-01-07,23729.659849656087,23933.654
2025-01-08,23704.49929605252,23802.611
2025-01-09,23594.48968111841,23817.84
2025-01-10,23493.756518371712,23822.715
2025-01-13,23241.717746345177,23741.643
2025-01-14,23201.133329978304,23504.377
2025-01-15,23208.590459343686,23321.99
2025-01-16,23272.37794627161,23245.863
2025-01-17,23229.623141364787,23379.016
2025-01-20,23300.775453019352,23352.695
2025-01-21,23130.12077931396,23431.004
2025-01-22,23145.713053788077,23282.734
2025-01-23,23182.570472112766,22964.045
2025-01-24,23126.717965928652,23069.297
2025-01-27,22942.811090441097,23246.984
2025-01-28,22951.73482730899,23171.623
2025-01-29,23082.365446650496,23032.637
2025-01-30,23185.66028131502,23159.62
2025-01-31,23385.124638401445,23346.908
2025-02-01,23445.089851059627,23576.65
2025-02-03,23393.15084953435,23575.59
2025-02-04,23607.051887999583,23505.45
2025-02-05,23662.21073748665,23595.69
2025-02-06,23625.832559697486,23759.654
2025-02-07,23585.114415699543,23772.09
2025-02-10,23459.335348177126,23803.785
2025-02-11,23219.82581400069,23670.174
2025-02-12,23111.932027334587,23403.617
2025-02-13,23062.1607386784,23243.62
2025-02-14,22980.017384705294,23301.361
2025-02-17,22967.336943597165,23231.0
2025-02-18,22953.717846285006,23069.744
2025-02-19,22940.851951127832,22978.58
2025-02-20,22923.73144519567,22898.045
2025-02-21,22844.727508653254,22889.312
2025-02-24,22664.64606332875,22939.562
2025-02-25,22592.27719908183,22603.533
2025-02-27,22563.089667694854,22457.068
2025-02-28,22292.149469903605,22494.627
2025-03-03,22185.32310540483,22542.713
2025-03-04,22121.86787795367,22365.361
2025-03-05,22255.012734485874,22188.693
2025-03-06,22434.048827842566,22416.451
2025-03-07,22507.255678243124,22636.895
2025-03-10,22478.235955963126,22685.281
2025-03-11,22490.389244953716,22607.957
2025-03-12,22478.097015561747,22591.424
2025-03-13,22428.099427517103,22568.932
2025-03-17,22477.944222523674,22558.379
2025-03-18,22698.18468793049,22606.158
2025-03-19,22827.610227134588,22849.543
2025-03-20,23051.98138745298,22964.043
2025-03-21,23236.41447430215,23100.291
2025-03-24,23497.184728824952,23308.04
2025-03-25,23603.15633572088,23553.021
2025-03-26,23531.27482571889,23681.586
2025-03-27,23568.773662858886,23670.559
2025-03-28,23538.22791794405,23740.504
2025-04-01,23307.99252005734,23761.236
2025-04-02,23323.04602912267,23578.928
2025-04-03,23277.96266236099,23511.13
2025-04-04,23047.118658954383,23496.332
2025-04-07,22499.83778862882,23361.514
2025-04-08,22515.37334791257,22871.555
2025-04-09,22440.79879514735,22575.186
2025-04-11,22684.299665718074,22510.148
2025-04-15,23083.400180281504,22782.537
2025-04-16,23275.85838264646,22977.855
2025-04-17,23634.802278560674,23186.412
2025-04-21,23919.643711899564,23539.768
2025-04-22,24064.433784653047,23867.148
2025-04-23,24231.10879313468,24059.63
2025-04-24,24240.77155831525,24247.285
2025-04-25,24116.234424877865,24402.826
2025-04-28,24247.42968594797,24404.191
2025-04-29,24302.138247816798,24381.049
2025-04-30,24321.953043032325,24452.934
2025-05-02,24337.247023585234,24705.96
2025-05-05,24413.823517831315,24728.916
2025-05-06,24392.671979093026,24640.75
2025-05-07,24406.100875949152,24554.148
2025-05-08,24324.3349207033,24646.154
2025-05-09,24128.829187877735,24587.984
2025-05-12,24620.70391758511,24294.68
2025-05-13,24600.763706027243,24489.275
2025-05-14,24643.745486131913,24664.52
2025-05-15,24904.22376487295,24738.803
2025-05-16,24975.73159133404,24898.547
2025-05-19,24957.013101563505,25092.15
2025-05-20,24788.21627627826,25118.852
2025-05-21,24803.811144758925,24977.488
2025-05-22,24683.843318055282,24894.572
2025-05-23,24788.480850922733,24845.348
2025-05-26,24919.917856202017,24910.91
2025-05-27,24861.99655278916,24980.307
2025-05-28,24794.292576960983,25008.178
2025-05-29,24818.585658990527,24964.115
2025-05-30,24776.62953154644,25046.633
2025-06-02,24739.52899930246,24866.314
2025-06-03,24617.758380964147,24815.137
2025-06-04,24619.266901676827,24717.941
2025-06-05,24700.620871904535,24469.717
2025-06-06,24887.532835094582,24578.04
2025-06-09,25020.821990424403,24929.23
2025-06-10,25072.383335955874,25123.1
2025-06-11,25115.038221544804,25141.676
2025-06-12,24974.84400784348,25216.611
2025-06-13,24816.47626016319,25047.367
2025-06-16,24896.835350726713,24822.791
2025-06-17,24869.99106908386,24878.258
2025-06-18,24834.182001884586,25046.383
2025-06-19,24808.884633492333,24990.65
2025-06-20,24996.46768752148,24866.04
2025-06-23,24981.28426302774,25061.27
2025-06-24,25020.260790582633,25140.203
2025-06-25,25159.00275211016,25161.098
2025-06-26,25400.034306825,25167.191
2025-06-27,25546.982069404883,25339.432
2025-06-30,25528.483515998098,25539.672
2025-07-01,25536.71403856097,25591.713
2025-07-02,25485.223372409797,25624.504
2025-07-03,25435.828494604088,25677.209
2025-07-04,25451.385340486762,25729.074
2025-07-07,25457.513419891882,25641.674
2025-07-08,25497.677335211316,25601.379
2025-07-09,25484.341567244544,25643.39
2025-07-10,25404.558591026424,25687.15
2025-07-11,25247.139783125967,25513.951
2025-07-14,25145.263677295014,25332.428
2025-07-15,25176.49732523218,25228.123
2025-07-16,25198.470569468718,25200.47
2025-07-17,25144.688416977624,25031.697
2025-07-18,25035.736424882067,24771.957
2025-07-21,25069.705299609104,24775.508
2025-07-22,25064.263566589078,24921.467
2025-07-23,25160.452413744362,24966.426
2025-07-24,25099.66703775523,25081.258
2025-07-25,24937.329880698246,24989.467
2025-07-28,24778.847740115176,24856.094
2025-07-29,24804.96083140596,24600.672
2025-07-30,24835.918122904357,24686.594
2025-07-31,24794.158484973905,24756.87
2025-08-01,24652.746822926132,24803.422
2025-08-04,24696.011165678265,24660.992
2025-08-05,24667.297068971213,24610.756
2025-08-06,24609.759433254952,24560.938
2025-08-07,24601.348582355295,24573.168
2025-08-08,24454.226950325046,24576.855
2025-08-11,24535.080524375135,24434.107
2025-08-12,24505.61258112941,24501.121
2025-08-13,24575.90593036459,24361.531
2025-08-14,24610.141831013505,24538.36
2025-08-18,24775.037865084232,24596.863
2025-08-19,24902.113394381136,24944.291
2025-08-20,24993.852744667303,24915.588
2025-08-21,25049.41230395824,24983.21
2025-08-22,24938.59096409147,25055.479
2025-08-25,24956.612239362115,25119.602
2025-08-26,24805.464945910593,25084.932
2025-08-28,24617.233698975597,24907.145
2025-08-29,24499.56986068522,24776.336
2025-09-01,24577.12133453388,24616.428
2025-09-02,24578.652992619154,24752.514
2025-09-03,24662.951461983343,24712.594
2025-09-04,24707.047766364307,24753.436
2025-09-05,24728.031400745138,24736.357
2025-09-08,24755.91647002896,24804.455
2025-09-09,24825.558480103853,24718.75
2025-09-10,24916.743912731963,24792.889
2025-09-11,24971.59819137206,24889.83
2025-09-12,25059.607349163583,24952.207
2025-09-15,25065.535450583644,25134.617
2025-09-16,25172.80399994549,25139.312
2025-09-17,25270.110979371893,25306.447
2025-09-18,25364.972169600467,25449.58
2025-09-19,25341.535462699292,25576.117
2025-09-22,25255.513874591717,25448.967
2025-09-23,25202.354376589967,25330.516
2025-09-24,25112.458869464466,25314.682
2025-09-25,24975.496814507456,25278.375
2025-09-26,24777.2329968201,25135.496
2025-09-29,24689.266608484173,24903.797
2025-09-30,24640.95674623612,24753.102
2025-10-01,24761.68599937425,24658.283
2025-10-03,24843.615057445626,24791.775
2025-10-06,24988.25684791889,24814.793
2025-10-07,25062.44807886074,24987.545
2025-10-08,25052.375553593007,24999.629
2025-10-09,25132.364743286722,24992.068
2025-10-10,25226.914590293625,25024.074
2025-10-13,25227.183446871673,25197.668
2025-10-14,25176.700300386732,25287.996
2025-10-15,25267.458888824494,25252.004
2025-10-16,25463.895981392045,25314.834
2025-10-17,25615.90368314186,25517.992
2025-10-20,25756.349872197945,25738.926
2025-10-21,25825.72402500161,25828.725
2025-10-23,25866.314251214437,25897.664
2025-10-24,25822.332566599503,25960.46
2025-10-27,25911.155308055964,26001.822
2025-10-28,25926.633296076092,26063.318
2025-10-29,26005.288686156764,26127.842
2025-10-30,25926.527005210726,26213.482
2025-10-31,25800.18392635262,26106.248
2025-11-03,25777.419066508064,25962.34
2025-11-04,25666.315914699764,25930.246
2025-11-06,25569.5214733971,25906.777
2025-11-07,25521.796461015405,25756.707
2025-11-10,25554.27609291745,25534.586
2025-11-11,25641.216865985658,25481.826
2025-11-12,25786.19769883305,25544.484
2025-11-13,25843.645621706266,25721.47
2025-11-14,25884.686267332654,25788.29
2025-11-17,25964.266147800325,25885.86
2025-11-18,25930.75920855969,25897.582
2025-11-19,26006.092102004957,25887.928
2025-11-20,26121.08244826078,25922.838
2025-11-21,26088.3686375474,26112.008
2025-11-24,26008.723439459216,26202.662
2025-11-25,25932.135024709685,26108.96
2025-11-26,26100.96074681418,26017.125
2025-11-27,26171.781282867538,26195.89
2025-11-28,26191.044126602075,26310.371
2025-12-01,26181.591836533746,26293.094
2025-12-02,26089.26212107507,26251.246
2025-12-03,26025.44262050027,26131.256
2025-12-04,26030.576863388545,26058.076
2025-12-05,26126.91127690843,26067.021
2025-12-08,26024.094836206237,26165.068
2025-12-09,25910.101899800902,26093.916
2025-12-10,25816.097755970513,25897.451
2025-12-11,25867.056528068493,25676.504
2025-12-12,25978.236325237336,25806.02
2025-12-15,26008.559826692686,26003.746
2025-12-16,25916.80636641316,26079.79
2025-12-17,25856.081075197817,25789.17
2025-12-18,25831.03197596404,25628.764
2025-12-19,25914.694257227704,25638.766
2025-12-22,26073.965406776548,25844.73
2025-12-23,26137.7372339235,26048.613
2025-12-24,26140.433330224216,26126.455
2025-12-26,26079.78407955549,26085.186
2025-12-29,25994.690397260925,25957.445
2025-12-30,25960.178892388853,25975.361
2025-12-31,26064.886653884667,26028.072
2026-01-01,26115.357860258046,26180.564
2026-01-02,26247.11833159194,26125.5
2026-01-05,26249.085193648112,26169.87
2026-01-06,26205.584268829778,26191.316
2026-01-07,26165.514487057226,26303.037
2026-01-08,25987.109781291278,26295.574
2026-01-09,25799.34549317765,26096.414
2026-01-12,25793.724169249417,25791.055
2026-01-13,25755.76242776161,25621.143
2026-01-14,25700.0387414772,25632.59
2026-01-16,25696.52266447155,25639.787
2026-01-19,25627.90688430656,25623.268
2026-01-20,25383.531990419408,25582.465
2026-01-21,25243.836537795418,25394.83
2026-01-22,25272.305564496874,25092.059
2026-01-23,25134.079065284284,25011.37
2026-01-27,25159.617048805037,24876.746
2026-01-28,25272.799437103604,24931.447
2026-01-29,25363.0947921686,25064.686
2026-01-30,25336.8627093825,25291.537
2026-02-02,25183.304551466754,25238.564
2026-02-03,25519.66721972179,25184.434
2026-02-04,25671.328915774146,25488.686
2026-02-05,25653.522786042693,25566.654
2026-02-06,25678.389013685017,25687.07
2026-02-09,25795.167476384067,25696.22
2026-02-10,25881.68433130007,25852.172
2026-02-11,25926.28512573208,26049.748
2026-02-12,25852.68593953879,26159.092
2026-02-13,25616.852595369754,26066.807
2026-02-16,25657.579431768183,25861.727
2026-02-17,25699.495089576376,25811.256
2026-02-18,25773.56925653915,25841.416
2026-02-19,25576.280664706435,25898.273
2026-02-20,25573.171542931832,25769.432
2026-02-23,25659.590281994493,25772.514
2026-02-24,25514.389443814922,25667.186
2026-02-25,25494.68068365497,25582.799
2026-02-26,25495.83646753098,25475.172
2026-02-27,25299.804691244844,25447.4
2026-03-02,25031.5127545407,25330.69
2026-03-04,24690.96814399984,25016.346
2026-03-05,24735.053768595255,24747.803
2026-03-06,24557.199403545026,24734.945
2026-03-09,24229.637544031626,24656.908
2026-03-10,24248.810849067817,24490.607
2026-03-11,24011.10494812789,24220.479
2026-03-12,23780.99164301345,24061.496
2026-03-13,23391.639465344302,23991.547
